Workbook
Name DEPARTAMENTO: [1]Hoja1!$A$3:$A$35
Name eee: '[1]MERCADO RURAL'!$C$6
Name Seleccion: '[1]MERCADO URBANO'!$C$6

Sheet GUÍA
B1: GUÍA PARA AGREGAR OFERTAS Y ACTUALIZAR EL AVALÚO
B3: Paso | C3: Qué hacer
B4: 1. Nueva oferta | C4: En 'MERCADO RURAL' inserte una fila ENTRE la última oferta y la fila en blanco que está antes de PROMEDIO (clic derecho > Insertar). Copie la última oferta (Ctrl+C) y péguela en la fila nueva. Las columnas con fórmula son: Valor depurado (F), Valor terreno Ha (H), Construcciones (I) y Archivo PDF (Q); NO las sobrescriba. Escriba encima los demás datos (todos son datos propios de la fila, sin vínculos a la sección de descartadas): No., ubicación, coordenadas, valor pedido, % negociación, área (Ha), descripción, fuente, teléfono, enlace, fecha y comparabilidad. La sección 'OFERTAS REVISADAS Y DESCARTADAS' (filas 27 en adelante) es solo respaldo: puede borrarla sin afectar ninguna fórmula.
B5: 2. Estadísticos | C5: PROMEDIO, desviación, CV, límites, asimetría y VALOR ADOPTADO se recalculan solos al insertar la fila dentro de la tabla (incluye la fila en blanco final como colchón).
B6: 3. Construcciones | C6: En 'DEPRECIACIÓN' agregue la construcción en una fila libre (hasta 10): edad, vida útil, calificación, valor de reposición por m² y área (m²). Escriba en la columna A el No. de la oferta a la que pertenece; si la deja vacía, es del predio objeto y aparece en 'LIQUIDACIÓN'.
B7: 4. Combinaciones | C7: La hoja COMBINACIONES toma todas las ofertas de 'MERCADO RURAL' (hasta 30), prueba grupos de 3 o más ofertas y muestra hasta 3 combinaciones. Elija la que usará en la celda amarilla B18. El CV máximo (10 %, Res. 941) y el filtro por límites se cambian en B5 y B6.
B8: 5. Liquidación | C8: La hoja LIQUIDACIÓN toma el valor por Ha del VALOR ADOPTADO de 'MERCADO RURAL' y las construcciones del predio objeto desde 'DEPRECIACIÓN'. Solo debe digitar la superficie del predio (Ha) en la celda amarilla.
B9: 6. Google Earth | C9: Escriba las coordenadas (lat, lon) en 'MERCADO RURAL' columna COORDENADAS. 'KML_OFERTAS' genera el código KML (A1:A35): cópielo a un editor de texto y guárdelo como .kml. Para el enlace a Google Earth use Ctrl+K con https://earth.google.com/web/search/ + coordenadas.
B10: Colores | C10: Azul = dato editable · Amarillo = celda de entrada · Verde (texto) = vínculo a otra hoja · Negro = fórmula · Verde claro = resultado clave.
B11: Hojas de apoyo | C11: Las hojas AUX_COMBINACIONES y KML_OFERTAS contienen cálculos auxiliares; no las modifique.
B12: 7. Proyección | C12: La hoja PROYECCIÓN muestra el CV máximo, las combinaciones evaluadas con su banda admisible (promedio ± CV máximo), las dos combinaciones de orientación (baja y alta) y el gráfico. Todo es fórmula. El gráfico cubre hasta 12 ofertas; con más, amplíe el rango de datos (PROYECCIÓN!N11:S23). Incluye tarjetas indicadoras, mapa de valores (ofertas dentro/fuera del rango de orientación) y comparación del CV por combinación.
B13: Guardado | C13: Guarde el libro (Ctrl+G) y consérvelo como plantilla: para un nuevo estudio, reemplace las ofertas y construcciones y las fórmulas se mantienen.
B14: Simulación de prueba | C14: Las hojas SIM_MERCADO, SIM_COMBINACIONES, SIM_DEPRECIACIÓN, SIM_LIQUIDACIÓN, SIM_PROYECCIÓN y SIM_AUX (pestañas naranja) son una copia aislada con 4 ofertas ficticias (CV ≈ 8 %) para comprobar que el libro funciona. Solo están conectadas entre sí: no afectan las hojas del estudio y pueden eliminarse todas juntas.
B15: PANEL DE CONTROL (se actualiza solo)
B16: Verificación | C16: Estado
B17: Ofertas en 'MERCADO RURAL' (capacidad 30) | C17: =IF(COMBINACIONES!B8>30,"ALERTA: "&COMBINACIONES!B8&" ofertas; excede la capacidad de 30","OK – "&COMBINACIONES!B8&" ofertas") -> OK – 8 ofertas
B18: Capacidad de 'DEPRECIACIÓN' (20 ofertas) y del gráfico (12) | C18: =IF(COMBINACIONES!B8>20,"ALERTA: excede el resumen de DEPRECIACIÓN (20)",IF(COMBINACIONES!B8>12,"AVISO: el gráfico de PROYECCIÓN cubre 12; amplíe su rango","OK")) -> OK
B19: Construcciones (control de 'DEPRECIACIÓN') | C19: =IF(ABS(DEPRECIACIÓN!M41)<1,"OK – cuadra","ALERTA: hay construcciones asignadas a una oferta inexistente") -> OK – cuadra
B20: Errores de fórmula en las hojas principales | C20: =IF(SUMPRODUCT(--ISERROR('MERCADO RURAL'!A9:Q28))+SUMPRODUCT(--ISERROR(COMBINACIONES!A3:O25))+SUMPRODUCT(--ISERROR(DEPRECIACIÓN!A5:Q41))+SUMPRODUCT(--ISERROR(LIQUIDACIÓN!B5:F25))+SUMPRODUCT(--ISERROR(PROYECCIÓN!A4:L21))=0,"OK – sin errores","ALERTA: hay celdas con error") -> OK – sin errores
B21: Ofertas con coordenadas (para el KML) | C21: =COUNTIF(KML_OFERTAS!D5:D34,"?*")&" de "&COMBINACIONES!B8&" ofertas con coordenadas" -> 8 de 8 ofertas con coordenadas
B22: Coeficiente de variación (Res. 941) | C22: =IF(PROYECCIÓN!B8>0,"OK – "&PROYECCIÓN!B8&" combinación(es) cumplen","PENDIENTE – ninguna combinación cumple el "&TEXT(COMBINACIONES!B5,"0%")&"; agregue ofertas") -> PENDIENTE – ninguna combinación cumple el 10%; agregue ofertas

Sheet MERCADO RURAL
D1: ESTUDIO DE MERCADO PREDIOS RURALES GESTIÓN VALUATORIA | K1: Fecha estudio de mercado
K2: 2026 | L2: 10 | M2: 1
B3: ENTIDAD O NOMBRE DEL SOLICITANTE | F3: (Por definir) | L3: NIT o C.C.
B4: DIRECCIÓN DEL INMUEBLE | E4: Predio rural, sector Puente Bomba – El Ebanal (corr. Tigreras). Coord. 11.251133, -73.127307
A6: DEPARTAMENTO: | D6: LA GUAJIRA | F6: MUNICIPIO: | H6: RIOHACHA (confirmar con número predial)
A8: No. | B8: UBICACIÓN | C8: COORDENADAS | D8: VALOR PEDIDO | E8: %. NEG. | F8: VALOR DEPURADO | G8: ÁREA DE TERRENO Ha | H8: VALOR TERRENO Ha | I8: VALOR ESTIMADO CONSTRUCCIONES | J8: DESCRIPCIÓN DEL INMUEBLE | K8: NOMBRE FUENTE | L8: TELÉFONO FUENTE | M8: FOTOGRAFIA | N8: ENLACE DE LA OFERTA | O8: FECHA PUBLICACIÓN | P8: COMPARABILIDAD | Q8: ARCHIVO PDF
A9: 1 | B9: Dibulla, sobre Troncal del Caribe, cerca a Ciénaga de Mamavita / La Punta de los Remedios | C9: 11.27254658626432, -73.30951554818634 | D9: 7826000000 | E9: 0.1 | F9: =D9*(1-E9) -> 7043400000 | G9: 301 | H9: =(F9-I9)/G9 -> 23400000 | I9: =SUMIFS(DEPRECIACIÓN!$P$5:$P$14,DEPRECIACIÓN!$A$5:$A$14,$A9) -> 0 | J9: Finca agroindustrial y ganadera con potencial turístico, 200 m de frente sobre vía nacional, recursos hídricos abundantes, topografía plana a ondulada, 5 km de la playa y 4 km del casco urbano. Construcciones no detalladas en el anuncio. | K9: Hilton López Inmobiliaria – Luis López Y.M. (cód. 193716709) | L9: Solicitar en portal | N9: https://www.fincaraiz.com.co/finca-en-venta-en-dibulla/193716709 | O9: 2026-05-06 | P9: ALTA en uso agropecuario y corredor. Diferencias: tamaño (301 ha) y frente sobre la Troncal. | Q9: ="OFERTA "&TEXT(A9,"00") -> OFERTA 01
A10: 2 | B10: Camarones II, sector Cachaca 1, Riohacha – frente a vía principal, ~800 m de la playa | C10: 11.518410410351851, -72.95441972660828 | D10: 750000000 | E10: 0.1 | F10: =D10*(1-E10) -> 675000000 | G10: 0.54 | H10: =(F10-I10)/G10 -> 1250000000 | I10: =SUMIFS(DEPRECIACIÓN!$P$5:$P$14,DEPRECIACIÓN!$A$5:$A$14,$A10) -> 0 | J10: Lote comercial / turístico – 5.400 m². | K10: Tu360Inmobiliario (cód. 194341871) | L10: Solicitar en portal | N10: https://www.fincaraiz.com.co/lote-en-venta-en-camarones-ii-riohacha/194341871 | O10: No registrada | P10: DESCARTADA – Lote pequeño con frente a vía y vocación comercial/turística; ~$1.389 M/ha, fuera del rango de suelo agropecuario interior. | Q10: ="OFERTA "&TEXT(A10,"00") -> OFERTA 02
A11: 3 | B11: La Guija, a 5 km de El Retiro, Riohacha (vía destapada) | C11: 11.518410410351851, -72.95441972660828 | D11: 3300000000 | E11: 0.1 | F11: =D11*(1-E11) -> 2970000000 | G11: 6 | H11: =(F11-I11)/G11 -> 495000000 | I11: =SUMIFS(DEPRECIACIÓN!$P$5:$P$14,DEPRECIACIÓN!$A$5:$A$14,$A11) -> 0 | J11: Lote campestre / parcelación – 60.000 m². | K11: Aliviopropiedades (Punto Propiedad) | L11: Solicitar en portal | N11: https://www.puntopropiedad.com/inmueble/c62e-81cf-19854ae-9f91d049056f-79dd | O11: No registrada | P11: DESCARTADA – Vocación campestre de parcelación (~3 viviendas/ha); ~$550 M/ha, no comparable con uso agropecuario. | Q11: ="OFERTA "&TEXT(A11,"00") -> OFERTA 03
A12: 4 | B12: Riohacha, frente al mar (~40 m de playa) | C12: 11.518410410351851, -72.95441972660828 | D12: 750000000 | E12: 0.1 | F12: =D12*(1-E12) -> 675000000 | G12: 1 | H12: =(F12-I12)/G12 -> 675000000 | I12: =SUMIFS(DEPRECIACIÓN!$P$5:$P$14,DEPRECIACIÓN!$A$5:$A$14,$A12) -> 0 | J12: Lote turístico de playa – 10.000 m². | K12: Liliana Jaramillo De Castro (ref. 6983159) | L12: Solicitar en portal | N12: https://www.puntopropiedad.com/inmueble/7887-b18f-197d696-2c0a8cf753bf-72a9 | O12: No registrada | P12: DESCARTADA – Frente de playa; mercado turístico costero distinto al del predio. | Q12: ="OFERTA "&TEXT(A12,"00") -> OFERTA 04
A13: 5 | B13: Chingale / Mingueo, Dibulla – 250 m de frente de playa | C13: 11.518410410351851, -72.95441972660828 | D13: 6750000000 | E13: 0.1 | F13: =D13*(1-E13) -> 6075000000 | G13: 15 | H13: =(F13-I13)/G13 -> 405000000 | I13: =SUMIFS(DEPRECIACIÓN!$P$5:$P$14,DEPRECIACIÓN!$A$5:$A$14,$A13) -> 0 | J13: Lote turístico de playa – 150.000 m². | K13: Punto Propiedad | L13: Solicitar en portal | N13: https://www.puntopropiedad.com/inmueble/5572-9ce2-1931929-cf4b5a9bd510-747c | O13: No registrada | P13: DESCARTADA – Frente de playa; ~$450 M/ha refleja valor turístico costero. | Q13: ="OFERTA "&TEXT(A13,"00") -> OFERTA 05
A14: 6 | B14: Palomino, Dibulla – 25 m de frente de playa × 400 m | C14: 11.518410410351851, -72.95441972660828 | D14: 800000000 | E14: 0.1 | F14: =D14*(1-E14) -> 720000000 | G14: 1 | H14: =(F14-I14)/G14 -> 720000000 | I14: =SUMIFS(DEPRECIACIÓN!$P$5:$P$14,DEPRECIACIÓN!$A$5:$A$14,$A14) -> 0 | J14: Lote turístico de playa – 10.000 m². | K14: FazWaz (u4478556) | L14: Solicitar en portal | N14: https://www.fazwaz.com.co/propiedad-e-Inmueble-venta/terreno-parcela-en-venta-en-riohacha-la-guajira-u4478556 | O14: No registrada | P14: DESCARTADA – Frente de playa en el polo turístico de Palomino. | Q14: ="OFERTA "&TEXT(A14,"00") -> OFERTA 06
A15: 7 | B15: Estribaciones Sierra Nevada, Riohacha – 10 min del mar, riego en 12 ha, 2 casas | C15: 11.518410410351851, -72.95441972660828 | D15: 1500000000 | E15: 0.1 | F15: =D15*(1-E15) -> 1350000000 | G15: 50 | H15: =(F15-I15)/G15 -> 27000000 | I15: =SUMIFS(DEPRECIACIÓN!$P$5:$P$14,DEPRECIACIÓN!$A$5:$A$14,$A15) -> 0 | J15: Finca agrícola – 50 ha. | K15: Oceano Vía Inmobiliaria (ref. 4554009) | L15: Solicitar en portal | N15: https://fincaraiz.com.co/inmueble/finca-en-venta/riohacha/riohacha/4554009 | O15: 2019 | P15: DESCARTADA – Comparable en uso (~$30 M/ha), pero el anuncio es de 2019 y figura como NO DISPONIBLE. Solo referencia histórica. | Q15: ="OFERTA "&TEXT(A15,"00") -> OFERTA 07
A16: 8 | B16: Riohacha – "lotes para proyectos turísticos", mínimo 50 ha | C16: 11.518410410351851, -72.95441972660828 | D16: 1750000000 | E16: 0.1 | F16: =D16*(1-E16) -> 1575000000 | G16: 1000 | H16: =(F16-I16)/G16 -> 1575000 | I16: =SUMIFS(DEPRECIACIÓN!$P$5:$P$14,DEPRECIACIÓN!$A$5:$A$14,$A16) -> 0 | J16: Turístico – 10.000.000 m² (dato del anuncio). | K16: FazWaz (u4260056) | L16: Solicitar en portal | N16: https://www.fazwaz.com.co/propiedad-e-Inmueble-venta/terreno-parcela-en-venta-en-riohacha-la-guajira-u4260056 | O16: No registrada | P16: DESCARTADA – Datos inconsistentes (implicaría $175/m²); anuncio no confiable. | Q16: ="OFERTA "&TEXT(A16,"00") -> OFERTA 08
F18: PROMEDIO | H18: =AVERAGE(H9:H17) -> 449621875
F19: DESVIACIÓN ESTÁNDAR | H19: =_xlfn.STDEV.S(H9:H17) -> 4.3582031e+08
F20: COEFICIENTE DE VARIACIÓN | H20: =H19/H18 -> 0.96930406
F21: LÍMITE INFERIOR (Promedio − Desv. Est.) | H21: =H18-H19 -> 13801565
F22: LÍMITE SUPERIOR (Promedio + Desv. Est.) | H22: =H18+H19 -> 8.8544218e+08
F23: COEFICIENTE DE ASIMETRÍA | H23: =SKEW(H9:H17) -> 0.69280495
F24: VALOR ADOPTADO | H24: =ROUND(H18,-2) -> 449621900
A27: OBSERVACIONES: 1) Búsqueda realizada el 01/10/2026 en Fincaraíz, Punto Propiedad y FazWaz. Mercado Libre exigió inicio de sesión y Mitula/Trovit bloquearon el acceso, por lo que no fueron revisados. 2) Solo se encontró UNA oferta vigente con uso agropecuario en el corredor (finca de 301 ha en Dibulla, ~$26 M/ha pedido). La oferta pública en línea de la zona está dominada por lotes turísticos de playa y lotes comerciales sobre la Troncal, que no son comparables con un predio agropecuario interior situado a 1,5–2 km de la vía. 3) La tabla de mercado incluye, además de la oferta agropecuaria vigente (No. 1), las 7 ofertas descartadas (No. 2 a 8), vinculadas por fórmula a la sección inferior. Como son lotes turísticos, de playa o campestres, el promedio, la desviación estándar y el coeficiente de variación no son representativos del suelo agropecuario interior; el valor adoptado no se calcula con ellos y debe soportarse con ofertas de campo (avisos en sitio, comisionistas locales, juntas de acción comunal de Tigreras, Puente Bomba, El Ebanal y Pelechúa) y/o transacciones registradas. 4) El % de negociación (col. D) queda en 10 % porque no se obtuvo valor depurado; debe ajustarse con la negociación que confirme la fuente. 5) La oferta de 301 ha tiene frente sobre la Troncal y un tamaño muy superior; dado que la Res. 941/2026 prohíbe la homogenización por factores, su uso debe sustentarse por similitud y no mediante ajustes.

Sheet KML_OFERTAS
A1: <?xml version="1.0" encoding="UTF-8"?> | C1: Nombre | D1: Coordenadas (lat, lon) | E1: Latitud | F1: Longitud | G1: Descripción | I1: Cómo usar
A2: <kml xmlns="http://www.opengis.net/kml/2.2"><Document> | I2: 1. Digite las coordenadas (lat, lon) en 'MERCADO RURAL'!C9:C16; esta hoja las lee de allí.
A3: <name>Estudio de mercado rural – Puente Bomba / El Ebanal</name> | I3: 2. Copie A1:A35 de esta hoja y péguelo en un editor de texto (Bloc de notas).
A4: =IF(D4="","","<Placemark><name>"&C4&"</name><description>"&G4&"</description><Point><coordinates>"&F4&","&E4&",0</coordinates></Point></Placemark>") -> <Placemark><name>PREDIO OBJETO</name><description>Predio objeto de avalúo</description><Point><coordinates>-73.127307,11.251133,0</coordinates></Point></Placemark> | C4: PREDIO OBJETO | D4: =IFERROR(MID('MERCADO RURAL'!E4,FIND("Coord. ",'MERCADO RURAL'!E4)+7,40),"") -> 11.251133, -73.127307 | E4: =IF(D4="","",TRIM(LEFT(D4,FIND(",",D4)-1))) -> 11.251133 | F4: =IF(D4="","",TRIM(MID(D4,FIND(",",D4)+1,30))) -> -73.127307 | G4: Predio objeto de avalúo | I4: 3. Guarde el archivo como OFERTAS.kml (codificación UTF-8).
A5: =IF(OR(C5="",D5=""),"","<Placemark><name>"&C5&"</name><description>"&G5&"</description><Point><coordinates>"&F5&","&E5&",0</coordinates></Point></Placemark>") -> <Placemark><name>OFERTA 01</name><description>Dibulla, sobre Troncal del Caribe, cerca a Ciénaga de Mamavita / La Punta de los Remedios</description><Point><coordinates>-73.30951554818634,11.27254658626432,0</coordinates></Point></Placemark> | C5: =IF(9>AUX_COMBINACIONES!$C$3,"",INDEX('MERCADO RURAL'!$Q:$Q,9)) -> OFERTA 01 | D5: =IF(9>AUX_COMBINACIONES!$C$3,"",IF(INDEX('MERCADO RURAL'!$C:$C,9)="","",TRIM(INDEX('MERCADO RURAL'!$C:$C,9)))) -> 11.27254658626432, -73.30951554818634 | E5: =IF(D5="","",TRIM(LEFT(D5,FIND(",",D5)-1))) -> 11.27254658626432 | F5: =IF(D5="","",TRIM(MID(D5,FIND(",",D5)+1,30))) -> -73.30951554818634 | G5: =IF(C5="","",SUBSTITUTE(SUBSTITUTE(INDEX('MERCADO RURAL'!$B:$B,9),"&","&amp;"),"<","&lt;")) -> Dibulla, sobre Troncal del Caribe, cerca a Ciénaga de Mamavita / La Punta de los Remedios | I5: 4. Ábralo en Google Earth: aparecerán el predio objeto y las ofertas con coordenadas.
A6: =IF(OR(C6="",D6=""),"","<Placemark><name>"&C6&"</name><description>"&G6&"</description><Point><coordinates>"&F6&","&E6&",0</coordinates></Point></Placemark>") -> <Placemark><name>OFERTA 02</name><description>Camarones II, sector Cachaca 1, Riohacha – frente a vía principal, ~800 m de la playa</description><Point><coordinates>-72.95441972660828,11.518410410351851,0</coordinates></Point></Placemark> | C6: =IF(10>AUX_COMBINACIONES!$C$3,"",INDEX('MERCADO RURAL'!$Q:$Q,10)) -> OFERTA 02 | D6: =IF(10>AUX_COMBINACIONES!$C$3,"",IF(INDEX('MERCADO RURAL'!$C:$C,10)="","",TRIM(INDEX('MERCADO RURAL'!$C:$C,10)))) -> 11.518410410351851, -72.95441972660828 | E6: =IF(D6="","",TRIM(LEFT(D6,FIND(",",D6)-1))) -> 11.518410410351851 | F6: =IF(D6="","",TRIM(MID(D6,FIND(",",D6)+1,30))) -> -72.95441972660828 | G6: =IF(C6="","",SUBSTITUTE(SUBSTITUTE(INDEX('MERCADO RURAL'!$B:$B,10),"&","&amp;"),"<","&lt;")) -> Camarones II, sector Cachaca 1, Riohacha – frente a vía principal, ~800 m de la playa
A7: =IF(OR(C7="",D7=""),"","<Placemark><name>"&C7&"</name><description>"&G7&"</description><Point><coordinates>"&F7&","&E7&",0</coordinates></Point></Placemark>") -> <Placemark><name>OFERTA 03</name><description>La Guija, a 5 km de El Retiro, Riohacha (vía destapada)</description><Point><coordinates>-72.95441972660828,11.518410410351851,0</coordinates></Point></Placemark> | C7: =IF(11>AUX_COMBINACIONES!$C$3,"",INDEX('MERCADO RURAL'!$Q:$Q,11)) -> OFERTA 03 | D7: =IF(11>AUX_COMBINACIONES!$C$3,"",IF(INDEX('MERCADO RURAL'!$C:$C,11)="","",TRIM(INDEX('MERCADO RURAL'!$C:$C,11)))) -> 11.518410410351851, -72.95441972660828 | E7: =IF(D7="","",TRIM(LEFT(D7,FIND(",",D7)-1))) -> 11.518410410351851 | F7: =IF(D7="","",TRIM(MID(D7,FIND(",",D7)+1,30))) -> -72.95441972660828 | G7: =IF(C7="","",SUBSTITUTE(SUBSTITUTE(INDEX('MERCADO RURAL'!$B:$B,11),"&","&amp;"),"<","&lt;")) -> La Guija, a 5 km de El Retiro, Riohacha (vía destapada)
A8: =IF(OR(C8="",D8=""),"","<Placemark><name>"&C8&"</name><description>"&G8&"</description><Point><coordinates>"&F8&","&E8&",0</coordinates></Point></Placemark>") -> <Placemark><name>OFERTA 04</name><description>Riohacha, frente al mar (~40 m de playa)</description><Point><coordinates>-72.95441972660828,11.518410410351851,0</coordinates></Point></Placemark> | C8: =IF(12>AUX_COMBINACIONES!$C$3,"",INDEX('MERCADO RURAL'!$Q:$Q,12)) -> OFERTA 04 | D8: =IF(12>AUX_COMBINACIONES!$C$3,"",IF(INDEX('MERCADO RURAL'!$C:$C,12)="","",TRIM(INDEX('MERCADO RURAL'!$C:$C,12)))) -> 11.518410410351851, -72.95441972660828 | E8: =IF(D8="","",TRIM(LEFT(D8,FIND(",",D8)-1))) -> 11.518410410351851 | F8: =IF(D8="","",TRIM(MID(D8,FIND(",",D8)+1,30))) -> -72.95441972660828 | G8: =IF(C8="","",SUBSTITUTE(SUBSTITUTE(INDEX('MERCADO RURAL'!$B:$B,12),"&","&amp;"),"<","&lt;")) -> Riohacha, frente al mar (~40 m de playa)
A9: =IF(OR(C9="",D9=""),"","<Placemark><name>"&C9&"</name><description>"&G9&"</description><Point><coordinates>"&F9&","&E9&",0</coordinates></Point></Placemark>") -> <Placemark><name>OFERTA 05</name><description>Chingale / Mingueo, Dibulla – 250 m de frente de playa</description><Point><coordinates>-72.95441972660828,11.518410410351851,0</coordinates></Point></Placemark> | C9: =IF(13>AUX_COMBINACIONES!$C$3,"",INDEX('MERCADO RURAL'!$Q:$Q,13)) -> OFERTA 05 | D9: =IF(13>AUX_COMBINACIONES!$C$3,"",IF(INDEX('MERCADO RURAL'!$C:$C,13)="","",TRIM(INDEX('MERCADO RURAL'!$C:$C,13)))) -> 11.518410410351851, -72.95441972660828 | E9: =IF(D9="","",TRIM(LEFT(D9,FIND(",",D9)-1))) -> 11.518410410351851 | F9: =IF(D9="","",TRIM(MID(D9,FIND(",",D9)+1,30))) -> -72.95441972660828 | G9: =IF(C9="","",SUBSTITUTE(SUBSTITUTE(INDEX('MERCADO RURAL'!$B:$B,13),"&","&amp;"),"<","&lt;")) -> Chingale / Mingueo, Dibulla – 250 m de frente de playa
A10: =IF(OR(C10="",D10=""),"","<Placemark><name>"&C10&"</name><description>"&G10&"</description><Point><coordinates>"&F10&","&E10&",0</coordinates></Point></Placemark>") -> <Placemark><name>OFERTA 06</name><description>Palomino, Dibulla – 25 m de frente de playa × 400 m</description><Point><coordinates>-72.95441972660828,11.518410410351851,0</coordinates></Point></Placemark> | C10: =IF(14>AUX_COMBINACIONES!$C$3,"",INDEX('MERCADO RURAL'!$Q:$Q,14)) -> OFERTA 06 | D10: =IF(14>AUX_COMBINACIONES!$C$3,"",IF(INDEX('MERCADO RURAL'!$C:$C,14)="","",TRIM(INDEX('MERCADO RURAL'!$C:$C,14)))) -> 11.518410410351851, -72.95441972660828 | E10: =IF(D10="","",TRIM(LEFT(D10,FIND(",",D10)-1))) -> 11.518410410351851 | F10: =IF(D10="","",TRIM(MID(D10,FIND(",",D10)+1,30))) -> -72.95441972660828 | G10: =IF(C10="","",SUBSTITUTE(SUBSTITUTE(INDEX('MERCADO RURAL'!$B:$B,14),"&","&amp;"),"<","&lt;")) -> Palomino, Dibulla – 25 m de frente de playa × 400 m
A11: =IF(OR(C11="",D11=""),"","<Placemark><name>"&C11&"</name><description>"&G11&"</description><Point><coordinates>"&F11&","&E11&",0</coordinates></Point></Placemark>") -> <Placemark><name>OFERTA 07</name><description>Estribaciones Sierra Nevada, Riohacha – 10 min del mar, riego en 12 ha, 2 casas</description><Point><coordinates>-72.95441972660828,11.518410410351851,0</coordinates></Point></Placemark> | C11: =IF(15>AUX_COMBINACIONES!$C$3,"",INDEX('MERCADO RURAL'!$Q:$Q,15)) -> OFERTA 07 | D11: =IF(15>AUX_COMBINACIONES!$C$3,"",IF(INDEX('MERCADO RURAL'!$C:$C,15)="","",TRIM(INDEX('MERCADO RURAL'!$C:$C,15)))) -> 11.518410410351851, -72.95441972660828 | E11: =IF(D11="","",TRIM(LEFT(D11,FIND(",",D11)-1))) -> 11.518410410351851 | F11: =IF(D11="","",TRIM(MID(D11,FIND(",",D11)+1,30))) -> -72.95441972660828 | G11: =IF(C11="","",SUBSTITUTE(SUBSTITUTE(INDEX('MERCADO RURAL'!$B:$B,15),"&","&amp;"),"<","&lt;")) -> Estribaciones Sierra Nevada, Riohacha – 10 min del mar, riego en 12 ha, 2 casas
A12: =IF(OR(C12="",D12=""),"","<Placemark><name>"&C12&"</name><description>"&G12&"</description><Point><coordinates>"&F12&","&E12&",0</coordinates></Point></Placemark>") -> <Placemark><name>OFERTA 08</name><description>Riohacha – "lotes para proyectos turísticos", mínimo 50 ha</description><Point><coordinates>-72.95441972660828,11.518410410351851,0</coordinates></Point></Placemark> | C12: =IF(16>AUX_COMBINACIONES!$C$3,"",INDEX('MERCADO RURAL'!$Q:$Q,16)) -> OFERTA 08 | D12: =IF(16>AUX_COMBINACIONES!$C$3,"",IF(INDEX('MERCADO RURAL'!$C:$C,16)="","",TRIM(INDEX('MERCADO RURAL'!$C:$C,16)))) -> 11.518410410351851, -72.95441972660828 | E12: =IF(D12="","",TRIM(LEFT(D12,FIND(",",D12)-1))) -> 11.518410410351851 | F12: =IF(D12="","",TRIM(MID(D12,FIND(",",D12)+1,30))) -> -72.95441972660828 | G12: =IF(C12="","",SUBSTITUTE(SUBSTITUTE(INDEX('MERCADO RURAL'!$B:$B,16),"&","&amp;"),"<","&lt;")) -> Riohacha – "lotes para proyectos turísticos", mínimo 50 ha
A13: =IF(OR(C13="",D13=""),"","<Placemark><name>"&C13&"</name><description>"&G13&"</description><Point><coordinates>"&F13&","&E13&",0</coordinates></Point></Placemark>") | C13: =IF(17>AUX_COMBINACIONES!$C$3,"",INDEX('MERCADO RURAL'!$Q:$Q,17)) -> 0 | D13: =IF(17>AUX_COMBINACIONES!$C$3,"",IF(INDEX('MERCADO RURAL'!$C:$C,17)="","",TRIM(INDEX('MERCADO RURAL'!$C:$C,17)))) | E13: =IF(D13="","",TRIM(LEFT(D13,FIND(",",D13)-1))) | F13: =IF(D13="","",TRIM(MID(D13,FIND(",",D13)+1,30))) | G13: =IF(C13="","",SUBSTITUTE(SUBSTITUTE(INDEX('MERCADO RURAL'!$B:$B,17),"&","&amp;"),"<","&lt;"))
A14: =IF(OR(C14="",D14=""),"","<Placemark><name>"&C14&"</name><description>"&G14&"</description><Point><coordinates>"&F14&","&E14&",0</coordinates></Point></Placemark>") | C14: =IF(18>AUX_COMBINACIONES!$C$3,"",INDEX('MERCADO RURAL'!$Q:$Q,18)) | D14: =IF(18>AUX_COMBINACIONES!$C$3,"",IF(INDEX('MERCADO RURAL'!$C:$C,18)="","",TRIM(INDEX('MERCADO RURAL'!$C:$C,18)))) | E14: =IF(D14="","",TRIM(LEFT(D14,FIND(",",D14)-1))) | F14: =IF(D14="","",TRIM(MID(D14,FIND(",",D14)+1,30))) | G14: =IF(C14="","",SUBSTITUTE(SUBSTITUTE(INDEX('MERCADO RURAL'!$B:$B,18),"&","&amp;"),"<","&lt;"))
A15: =IF(OR(C15="",D15=""),"","<Placemark><name>"&C15&"</name><description>"&G15&"</description><Point><coordinates>"&F15&","&E15&",0</coordinates></Point></Placemark>") | C15: =IF(19>AUX_COMBINACIONES!$C$3,"",INDEX('MERCADO RURAL'!$Q:$Q,19)) | D15: =IF(19>AUX_COMBINACIONES!$C$3,"",IF(INDEX('MERCADO RURAL'!$C:$C,19)="","",TRIM(INDEX('MERCADO RURAL'!$C:$C,19)))) | E15: =IF(D15="","",TRIM(LEFT(D15,FIND(",",D15)-1))) | F15: =IF(D15="","",TRIM(MID(D15,FIND(",",D15)+1,30))) | G15: =IF(C15="","",SUBSTITUTE(SUBSTITUTE(INDEX('MERCADO RURAL'!$B:$B,19),"&","&amp;"),"<","&lt;"))
A16: =IF(OR(C16="",D16=""),"","<Placemark><name>"&C16&"</name><description>"&G16&"</description><Point><coordinates>"&F16&","&E16&",0</coordinates></Point></Placemark>") | C16: =IF(20>AUX_COMBINACIONES!$C$3,"",INDEX('MERCADO RURAL'!$Q:$Q,20)) | D16: =IF(20>AUX_COMBINACIONES!$C$3,"",IF(INDEX('MERCADO RURAL'!$C:$C,20)="","",TRIM(INDEX('MERCADO RURAL'!$C:$C,20)))) | E16: =IF(D16="","",TRIM(LEFT(D16,FIND(",",D16)-1))) | F16: =IF(D16="","",TRIM(MID(D16,FIND(",",D16)+1,30))) | G16: =IF(C16="","",SUBSTITUTE(SUBSTITUTE(INDEX('MERCADO RURAL'!$B:$B,20),"&","&amp;"),"<","&lt;"))
A17: =IF(OR(C17="",D17=""),"","<Placemark><name>"&C17&"</name><description>"&G17&"</description><Point><coordinates>"&F17&","&E17&",0</coordinates></Point></Placemark>") | C17: =IF(21>AUX_COMBINACIONES!$C$3,"",INDEX('MERCADO RURAL'!$Q:$Q,21)) | D17: =IF(21>AUX_COMBINACIONES!$C$3,"",IF(INDEX('MERCADO RURAL'!$C:$C,21)="","",TRIM(INDEX('MERCADO RURAL'!$C:$C,21)))) | E17: =IF(D17="","",TRIM(LEFT(D17,FIND(",",D17)-1))) | F17: =IF(D17="","",TRIM(MID(D17,FIND(",",D17)+1,30))) | G17: =IF(C17="","",SUBSTITUTE(SUBSTITUTE(INDEX('MERCADO RURAL'!$B:$B,21),"&","&amp;"),"<","&lt;"))
A18: =IF(OR(C18="",D18=""),"","<Placemark><name>"&C18&"</name><description>"&G18&"</description><Point><coordinates>"&F18&","&E18&",0</coordinates></Point></Placemark>") | C18: =IF(22>AUX_COMBINACIONES!$C$3,"",INDEX('MERCADO RURAL'!$Q:$Q,22)) | D18: =IF(22>AUX_COMBINACIONES!$C$3,"",IF(INDEX('MERCADO RURAL'!$C:$C,22)="","",TRIM(INDEX('MERCADO RURAL'!$C:$C,22)))) | E18: =IF(D18="","",TRIM(LEFT(D18,FIND(",",D18)-1))) | F18: =IF(D18="","",TRIM(MID(D18,FIND(",",D18)+1,30))) | G18: =IF(C18="","",SUBSTITUTE(SUBSTITUTE(INDEX('MERCADO RURAL'!$B:$B,22),"&","&amp;"),"<","&lt;"))
A19: =IF(OR(C19="",D19=""),"","<Placemark><name>"&C19&"</name><description>"&G19&"</description><Point><coordinates>"&F19&","&E19&",0</coordinates></Point></Placemark>") | C19: =IF(23>AUX_COMBINACIONES!$C$3,"",INDEX('MERCADO RURAL'!$Q:$Q,23)) | D19: =IF(23>AUX_COMBINACIONES!$C$3,"",IF(INDEX('MERCADO RURAL'!$C:$C,23)="","",TRIM(INDEX('MERCADO RURAL'!$C:$C,23)))) | E19: =IF(D19="","",TRIM(LEFT(D19,FIND(",",D19)-1))) | F19: =IF(D19="","",TRIM(MID(D19,FIND(",",D19)+1,30))) | G19: =IF(C19="","",SUBSTITUTE(SUBSTITUTE(INDEX('MERCADO RURAL'!$B:$B,23),"&","&amp;"),"<","&lt;"))
A20: =IF(OR(C20="",D20=""),"","<Placemark><name>"&C20&"</name><description>"&G20&"</description><Point><coordinates>"&F20&","&E20&",0</coordinates></Point></Placemark>") | C20: =IF(24>AUX_COMBINACIONES!$C$3,"",INDEX('MERCADO RURAL'!$Q:$Q,24)) | D20: =IF(24>AUX_COMBINACIONES!$C$3,"",IF(INDEX('MERCADO RURAL'!$C:$C,24)="","",TRIM(INDEX('MERCADO RURAL'!$C:$C,24)))) | E20: =IF(D20="","",TRIM(LEFT(D20,FIND(",",D20)-1))) | F20: =IF(D20="","",TRIM(MID(D20,FIND(",",D20)+1,30))) | G20: =IF(C20="","",SUBSTITUTE(SUBSTITUTE(INDEX('MERCADO RURAL'!$B:$B,24),"&","&amp;"),"<","&lt;"))
A21: =IF(OR(C21="",D21=""),"","<Placemark><name>"&C21&"</name><description>"&G21&"</description><Point><coordinates>"&F21&","&E21&",0</coordinates></Point></Placemark>") | C21: =IF(25>AUX_COMBINACIONES!$C$3,"",INDEX('MERCADO RURAL'!$Q:$Q,25)) | D21: =IF(25>AUX_COMBINACIONES!$C$3,"",IF(INDEX('MERCADO RURAL'!$C:$C,25)="","",TRIM(INDEX('MERCADO RURAL'!$C:$C,25)))) | E21: =IF(D21="","",TRIM(LEFT(D21,FIND(",",D21)-1))) | F21: =IF(D21="","",TRIM(MID(D21,FIND(",",D21)+1,30))) | G21: =IF(C21="","",SUBSTITUTE(SUBSTITUTE(INDEX('MERCADO RURAL'!$B:$B,25),"&","&amp;"),"<","&lt;"))
A22: =IF(OR(C22="",D22=""),"","<Placemark><name>"&C22&"</name><description>"&G22&"</description><Point><coordinates>"&F22&","&E22&",0</coordinates></Point></Placemark>") | C22: =IF(26>AUX_COMBINACIONES!$C$3,"",INDEX('MERCADO RURAL'!$Q:$Q,26)) | D22: =IF(26>AUX_COMBINACIONES!$C$3,"",IF(INDEX('MERCADO RURAL'!$C:$C,26)="","",TRIM(INDEX('MERCADO RURAL'!$C:$C,26)))) | E22: =IF(D22="","",TRIM(LEFT(D22,FIND(",",D22)-1))) | F22: =IF(D22="","",TRIM(MID(D22,FIND(",",D22)+1,30))) | G22: =IF(C22="","",SUBSTITUTE(SUBSTITUTE(INDEX('MERCADO RURAL'!$B:$B,26),"&","&amp;"),"<","&lt;"))
A23: =IF(OR(C23="",D23=""),"","<Placemark><name>"&C23&"</name><description>"&G23&"</description><Point><coordinates>"&F23&","&E23&",0</coordinates></Point></Placemark>") | C23: =IF(27>AUX_COMBINACIONES!$C$3,"",INDEX('MERCADO RURAL'!$Q:$Q,27)) | D23: =IF(27>AUX_COMBINACIONES!$C$3,"",IF(INDEX('MERCADO RURAL'!$C:$C,27)="","",TRIM(INDEX('MERCADO RURAL'!$C:$C,27)))) | E23: =IF(D23="","",TRIM(LEFT(D23,FIND(",",D23)-1))) | F23: =IF(D23="","",TRIM(MID(D23,FIND(",",D23)+1,30))) | G23: =IF(C23="","",SUBSTITUTE(SUBSTITUTE(INDEX('MERCADO RURAL'!$B:$B,27),"&","&amp;"),"<","&lt;"))
A24: =IF(OR(C24="",D24=""),"","<Placemark><name>"&C24&"</name><description>"&G24&"</description><Point><coordinates>"&F24&","&E24&",0</coordinates></Point></Placemark>") | C24: =IF(28>AUX_COMBINACIONES!$C$3,"",INDEX('MERCADO RURAL'!$Q:$Q,28)) | D24: =IF(28>AUX_COMBINACIONES!$C$3,"",IF(INDEX('MERCADO RURAL'!$C:$C,28)="","",TRIM(INDEX('MERCADO RURAL'!$C:$C,28)))) | E24: =IF(D24="","",TRIM(LEFT(D24,FIND(",",D24)-1))) | F24: =IF(D24="","",TRIM(MID(D24,FIND(",",D24)+1,30))) | G24: =IF(C24="","",SUBSTITUTE(SUBSTITUTE(INDEX('MERCADO RURAL'!$B:$B,28),"&","&amp;"),"<","&lt;"))
A25: =IF(OR(C25="",D25=""),"","<Placemark><name>"&C25&"</name><description>"&G25&"</description><Point><coordinates>"&F25&","&E25&",0</coordinates></Point></Placemark>") | C25: =IF(29>AUX_COMBINACIONES!$C$3,"",INDEX('MERCADO RURAL'!$Q:$Q,29)) | D25: =IF(29>AUX_COMBINACIONES!$C$3,"",IF(INDEX('MERCADO RURAL'!$C:$C,29)="","",TRIM(INDEX('MERCADO RURAL'!$C:$C,29)))) | E25: =IF(D25="","",TRIM(LEFT(D25,FIND(",",D25)-1))) | F25: =IF(D25="","",TRIM(MID(D25,FIND(",",D25)+1,30))) | G25: =IF(C25="","",SUBSTITUTE(SUBSTITUTE(INDEX('MERCADO RURAL'!$B:$B,29),"&","&amp;"),"<","&lt;"))
A26: =IF(OR(C26="",D26=""),"","<Placemark><name>"&C26&"</name><description>"&G26&"</description><Point><coordinates>"&F26&","&E26&",0</coordinates></Point></Placemark>") | C26: =IF(30>AUX_COMBINACIONES!$C$3,"",INDEX('MERCADO RURAL'!$Q:$Q,30)) | D26: =IF(30>AUX_COMBINACIONES!$C$3,"",IF(INDEX('MERCADO RURAL'!$C:$C,30)="","",TRIM(INDEX('MERCADO RURAL'!$C:$C,30)))) | E26: =IF(D26="","",TRIM(LEFT(D26,FIND(",",D26)-1))) | F26: =IF(D26="","",TRIM(MID(D26,FIND(",",D26)+1,30))) | G26: =IF(C26="","",SUBSTITUTE(SUBSTITUTE(INDEX('MERCADO RURAL'!$B:$B,30),"&","&amp;"),"<","&lt;"))
A27: =IF(OR(C27="",D27=""),"","<Placemark><name>"&C27&"</name><description>"&G27&"</description><Point><coordinates>"&F27&","&E27&",0</coordinates></Point></Placemark>") | C27: =IF(31>AUX_COMBINACIONES!$C$3,"",INDEX('MERCADO RURAL'!$Q:$Q,31)) | D27: =IF(31>AUX_COMBINACIONES!$C$3,"",IF(INDEX('MERCADO RURAL'!$C:$C,31)="","",TRIM(INDEX('MERCADO RURAL'!$C:$C,31)))) | E27: =IF(D27="","",TRIM(LEFT(D27,FIND(",",D27)-1))) | F27: =IF(D27="","",TRIM(MID(D27,FIND(",",D27)+1,30))) | G27: =IF(C27="","",SUBSTITUTE(SUBSTITUTE(INDEX('MERCADO RURAL'!$B:$B,31),"&","&amp;"),"<","&lt;"))
A28: =IF(OR(C28="",D28=""),"","<Placemark><name>"&C28&"</name><description>"&G28&"</description><Point><coordinates>"&F28&","&E28&",0</coordinates></Point></Placemark>") | C28: =IF(32>AUX_COMBINACIONES!$C$3,"",INDEX('MERCADO RURAL'!$Q:$Q,32)) | D28: =IF(32>AUX_COMBINACIONES!$C$3,"",IF(INDEX('MERCADO RURAL'!$C:$C,32)="","",TRIM(INDEX('MERCADO RURAL'!$C:$C,32)))) | E28: =IF(D28="","",TRIM(LEFT(D28,FIND(",",D28)-1))) | F28: =IF(D28="","",TRIM(MID(D28,FIND(",",D28)+1,30))) | G28: =IF(C28="","",SUBSTITUTE(SUBSTITUTE(INDEX('MERCADO RURAL'!$B:$B,32),"&","&amp;"),"<","&lt;"))
A29: =IF(OR(C29="",D29=""),"","<Placemark><name>"&C29&"</name><description>"&G29&"</description><Point><coordinates>"&F29&","&E29&",0</coordinates></Point></Placemark>") | C29: =IF(33>AUX_COMBINACIONES!$C$3,"",INDEX('MERCADO RURAL'!$Q:$Q,33)) | D29: =IF(33>AUX_COMBINACIONES!$C$3,"",IF(INDEX('MERCADO RURAL'!$C:$C,33)="","",TRIM(INDEX('MERCADO RURAL'!$C:$C,33)))) | E29: =IF(D29="","",TRIM(LEFT(D29,FIND(",",D29)-1))) | F29: =IF(D29="","",TRIM(MID(D29,FIND(",",D29)+1,30))) | G29: =IF(C29="","",SUBSTITUTE(SUBSTITUTE(INDEX('MERCADO RURAL'!$B:$B,33),"&","&amp;"),"<","&lt;"))
A30: =IF(OR(C30="",D30=""),"","<Placemark><name>"&C30&"</name><description>"&G30&"</description><Point><coordinates>"&F30&","&E30&",0</coordinates></Point></Placemark>") | C30: =IF(34>AUX_COMBINACIONES!$C$3,"",INDEX('MERCADO RURAL'!$Q:$Q,34)) | D30: =IF(34>AUX_COMBINACIONES!$C$3,"",IF(INDEX('MERCADO RURAL'!$C:$C,34)="","",TRIM(INDEX('MERCADO RURAL'!$C:$C,34)))) | E30: =IF(D30="","",TRIM(LEFT(D30,FIND(",",D30)-1))) | F30: =IF(D30="","",TRIM(MID(D30,FIND(",",D30)+1,30))) | G30: =IF(C30="","",SUBSTITUTE(SUBSTITUTE(INDEX('MERCADO RURAL'!$B:$B,34),"&","&amp;"),"<","&lt;"))
A31: =IF(OR(C31="",D31=""),"","<Placemark><name>"&C31&"</name><description>"&G31&"</description><Point><coordinates>"&F31&","&E31&",0</coordinates></Point></Placemark>") | C31: =IF(35>AUX_COMBINACIONES!$C$3,"",INDEX('MERCADO RURAL'!$Q:$Q,35)) | D31: =IF(35>AUX_COMBINACIONES!$C$3,"",IF(INDEX('MERCADO RURAL'!$C:$C,35)="","",TRIM(INDEX('MERCADO RURAL'!$C:$C,35)))) | E31: =IF(D31="","",TRIM(LEFT(D31,FIND(",",D31)-1))) | F31: =IF(D31="","",TRIM(MID(D31,FIND(",",D31)+1,30))) | G31: =IF(C31="","",SUBSTITUTE(SUBSTITUTE(INDEX('MERCADO RURAL'!$B:$B,35),"&","&amp;"),"<","&lt;"))
A32: =IF(OR(C32="",D32=""),"","<Placemark><name>"&C32&"</name><description>"&G32&"</description><Point><coordinates>"&F32&","&E32&",0</coordinates></Point></Placemark>") | C32: =IF(36>AUX_COMBINACIONES!$C$3,"",INDEX('MERCADO RURAL'!$Q:$Q,36)) | D32: =IF(36>AUX_COMBINACIONES!$C$3,"",IF(INDEX('MERCADO RURAL'!$C:$C,36)="","",TRIM(INDEX('MERCADO RURAL'!$C:$C,36)))) | E32: =IF(D32="","",TRIM(LEFT(D32,FIND(",",D32)-1))) | F32: =IF(D32="","",TRIM(MID(D32,FIND(",",D32)+1,30))) | G32: =IF(C32="","",SUBSTITUTE(SUBSTITUTE(INDEX('MERCADO RURAL'!$B:$B,36),"&","&amp;"),"<","&lt;"))
A33: =IF(OR(C33="",D33=""),"","<Placemark><name>"&C33&"</name><description>"&G33&"</description><Point><coordinates>"&F33&","&E33&",0</coordinates></Point></Placemark>") | C33: =IF(37>AUX_COMBINACIONES!$C$3,"",INDEX('MERCADO RURAL'!$Q:$Q,37)) | D33: =IF(37>AUX_COMBINACIONES!$C$3,"",IF(INDEX('MERCADO RURAL'!$C:$C,37)="","",TRIM(INDEX('MERCADO RURAL'!$C:$C,37)))) | E33: =IF(D33="","",TRIM(LEFT(D33,FIND(",",D33)-1))) | F33: =IF(D33="","",TRIM(MID(D33,FIND(",",D33)+1,30))) | G33: =IF(C33="","",SUBSTITUTE(SUBSTITUTE(INDEX('MERCADO RURAL'!$B:$B,37),"&","&amp;"),"<","&lt;"))
A34: =IF(OR(C34="",D34=""),"","<Placemark><name>"&C34&"</name><description>"&G34&"</description><Point><coordinates>"&F34&","&E34&",0</coordinates></Point></Placemark>") | C34: =IF(38>AUX_COMBINACIONES!$C$3,"",INDEX('MERCADO RURAL'!$Q:$Q,38)) | D34: =IF(38>AUX_COMBINACIONES!$C$3,"",IF(INDEX('MERCADO RURAL'!$C:$C,38)="","",TRIM(INDEX('MERCADO RURAL'!$C:$C,38)))) | E34: =IF(D34="","",TRIM(LEFT(D34,FIND(",",D34)-1))) | F34: =IF(D34="","",TRIM(MID(D34,FIND(",",D34)+1,30))) | G34: =IF(C34="","",SUBSTITUTE(SUBSTITUTE(INDEX('MERCADO RURAL'!$B:$B,38),"&","&amp;"),"<","&lt;"))
A35: </Document></kml>

Sheet COMBINACIONES
A1: COMBINACIONES DE MERCADO – VALOR POR HECTÁREA Y POR METRO CUADRADO
A2: Se recalcula con todas las ofertas de 'MERCADO RURAL'. Muestra mínima de 3 ofertas; usa 4, 5 o más si así se logra el CV máximo. Se muestran hasta 3 combinaciones.
A3: Límite inferior muestra completa ($/ha) | B3: ='MERCADO RURAL'!H21 -> 13801565
A4: Límite superior muestra completa ($/ha) | B4: ='MERCADO RURAL'!H22 -> 8.8544218e+08
A5: Coeficiente de variación máximo admisible (Res. 941, rural) | B5: 0.1
A6: Filtrar ofertas por límites inferior/superior (SÍ/NO) – solo si el CV general supera el máximo | B6: SÍ
A7: Ofertas elegibles para combinar | B7: =AUX_COMBINACIONES!J2 -> 6
A8: Ofertas en la tabla de mercado | B8: =COUNT(AUX_COMBINACIONES!D5:D34) -> 8
A9: Mínimo de ofertas por combinación | B9: 3
A10: Combinaciones posibles (3 o más ofertas) | B10: =COUNTIF(AUX_COMBINACIONES!N5:N410,1) -> 10
A12: Combinación | B12: Nº de ofertas | C12: Ofertas utilizadas (No., de menor a mayor valor) | D12: Valor mínimo $/ha | E12: Valor máximo $/ha | F12: Promedio $/ha | G12: Desviación estándar | H12: Coef. de variación | I12: Límite inferior | J12: Límite superior | K12: Coef. de asimetría | L12: ¿CV ≤ máximo admisible? | M12: Valor adoptado $/ha (promedio redondeado a 100) | N12: Valor $/m² | O12: Posición en AUX
A13: =IF($O13="","—","Combinación 1") -> Combinación 1 | B13: =IF($O13="","",INDEX(AUX_COMBINACIONES!$M$5:$M$410,$O13)) -> 3 | C13: =IF($O13="","",_xlfn.TEXTJOIN(", ",TRUE,INDEX(AUX_COMBINACIONES!$I$5:$I$34,INDEX(AUX_COMBINACIONES!$L$5:$L$410,$O13)):INDEX(AUX_COMBINACIONES!$I$5:$I$34,INDEX(AUX_COMBINACIONES!$L$5:$L$410,$O13)+$B13-1))) -> 3, 4, 6 | D13: =IF($O13="","",MIN(INDEX(AUX_COMBINACIONES!$J$5:$J$34,INDEX(AUX_COMBINACIONES!$L$5:$L$410,$O13)):INDEX(AUX_COMBINACIONES!$J$5:$J$34,INDEX(AUX_COMBINACIONES!$L$5:$L$410,$O13)+$B13-1))) -> 495000000 | E13: =IF($O13="","",MAX(INDEX(AUX_COMBINACIONES!$J$5:$J$34,INDEX(AUX_COMBINACIONES!$L$5:$L$410,$O13)):INDEX(AUX_COMBINACIONES!$J$5:$J$34,INDEX(AUX_COMBINACIONES!$L$5:$L$410,$O13)+$B13-1))) -> 720000000 | F13: =IF($O13="","",AVERAGE(INDEX(AUX_COMBINACIONES!$J$5:$J$34,INDEX(AUX_COMBINACIONES!$L$5:$L$410,$O13)):INDEX(AUX_COMBINACIONES!$J$5:$J$34,INDEX(AUX_COMBINACIONES!$L$5:$L$410,$O13)+$B13-1))) -> 630000000 | G13: =IF($O13="","",_xlfn.STDEV.S(INDEX(AUX_COMBINACIONES!$J$5:$J$34,INDEX(AUX_COMBINACIONES!$L$5:$L$410,$O13)):INDEX(AUX_COMBINACIONES!$J$5:$J$34,INDEX(AUX_COMBINACIONES!$L$5:$L$410,$O13)+$B13-1))) -> 1.1905881e+08 | H13: =IF($O13="","",G13/F13) -> 0.18898224 | I13: =IF($O13="","",F13-G13) -> 5.1094119e+08 | J13: =IF($O13="","",F13+G13) -> 7.4905881e+08 | K13: =IF($O13="","",SKEW(INDEX(AUX_COMBINACIONES!$J$5:$J$34,INDEX(AUX_COMBINACIONES!$L$5:$L$410,$O13)):INDEX(AUX_COMBINACIONES!$J$5:$J$34,INDEX(AUX_COMBINACIONES!$L$5:$L$410,$O13)+$B13-1))) -> -1.457863 | L13: =IF($O13="","",IF(H13<=$B$5,"SÍ","NO")) -> NO | M13: =IF($O13="","",ROUND(F13,-2)) -> 630000000 | N13: =IF($O13="","",M13/10000) -> 63000 | O13: =IFERROR(MATCH(SMALL(AUX_COMBINACIONES!$Q$5:$Q$410,ROWS($A$13:$A13)),AUX_COMBINACIONES!$Q$5:$Q$410,0),"") -> 82
A14: =IF($O14="","—","Combinación 2") -> Combinación 2 | B14: =IF($O14="","",INDEX(AUX_COMBINACIONES!$M$5:$M$410,$O14)) -> 4 | C14: =IF($O14="","",_xlfn.TEXTJOIN(", ",TRUE,INDEX(AUX_COMBINACIONES!$I$5:$I$34,INDEX(AUX_COMBINACIONES!$L$5:$L$410,$O14)):INDEX(AUX_COMBINACIONES!$I$5:$I$34,INDEX(AUX_COMBINACIONES!$L$5:$L$410,$O14)+$B14-1))) -> 5, 3, 4, 6 | D14: =IF($O14="","",MIN(INDEX(AUX_COMBINACIONES!$J$5:$J$34,INDEX(AUX_COMBINACIONES!$L$5:$L$410,$O14)):INDEX(AUX_COMBINACIONES!$J$5:$J$34,INDEX(AUX_COMBINACIONES!$L$5:$L$410,$O14)+$B14-1))) -> 405000000 | E14: =IF($O14="","",MAX(INDEX(AUX_COMBINACIONES!$J$5:$J$34,INDEX(AUX_COMBINACIONES!$L$5:$L$410,$O14)):INDEX(AUX_COMBINACIONES!$J$5:$J$34,INDEX(AUX_COMBINACIONES!$L$5:$L$410,$O14)+$B14-1))) -> 720000000 | F14: =IF($O14="","",AVERAGE(INDEX(AUX_COMBINACIONES!$J$5:$J$34,INDEX(AUX_COMBINACIONES!$L$5:$L$410,$O14)):INDEX(AUX_COMBINACIONES!$J$5:$J$34,INDEX(AUX_COMBINACIONES!$L$5:$L$410,$O14)+$B14-1))) -> 573750000 | G14: =IF($O14="","",_xlfn.STDEV.S(INDEX(AUX_COMBINACIONES!$J$5:$J$34,INDEX(AUX_COMBINACIONES!$L$5:$L$410,$O14)):INDEX(AUX_COMBINACIONES!$J$5:$J$34,INDEX(AUX_COMBINACIONES!$L$5:$L$410,$O14)+$B14-1))) -> 1.4868171e+08 | H14: =IF($O14="","",G14/F14) -> 0.25914023 | I14: =IF($O14="","",F14-G14) -> 4.2506829e+08 | J14: =IF($O14="","",F14+G14) -> 7.2243171e+08 | K14: =IF($O14="","",SKEW(INDEX(AUX_COMBINACIONES!$J$5:$J$34,INDEX(AUX_COMBINACIONES!$L$5:$L$410,$O14)):INDEX(AUX_COMBINACIONES!$J$5:$J$34,INDEX(AUX_COMBINACIONES!$L$5:$L$410,$O14)+$B14-1))) -> -0.22872776 | L14: =IF($O14="","",IF(H14<=$B$5,"SÍ","NO")) -> NO | M14: =IF($O14="","",ROUND(F14,-2)) -> 573750000 | N14: =IF($O14="","",M14/10000) -> 57375 | O14: =IFERROR(MATCH(SMALL(AUX_COMBINACIONES!$Q$5:$Q$410,ROWS($A$13:$A14)),AUX_COMBINACIONES!$Q$5:$Q$410,0),"") -> 57
A15: =IF($O15="","—","Combinación 3") -> Combinación 3 | B15: =IF($O15="","",INDEX(AUX_COMBINACIONES!$M$5:$M$410,$O15)) -> 3 | C15: =IF($O15="","",_xlfn.TEXTJOIN(", ",TRUE,INDEX(AUX_COMBINACIONES!$I$5:$I$34,INDEX(AUX_COMBINACIONES!$L$5:$L$410,$O15)):INDEX(AUX_COMBINACIONES!$I$5:$I$34,INDEX(AUX_COMBINACIONES!$L$5:$L$410,$O15)+$B15-1))) -> 5, 3, 4 | D15: =IF($O15="","",MIN(INDEX(AUX_COMBINACIONES!$J$5:$J$34,INDEX(AUX_COMBINACIONES!$L$5:$L$410,$O15)):INDEX(AUX_COMBINACIONES!$J$5:$J$34,INDEX(AUX_COMBINACIONES!$L$5:$L$410,$O15)+$B15-1))) -> 405000000 | E15: =IF($O15="","",MAX(INDEX(AUX_COMBINACIONES!$J$5:$J$34,INDEX(AUX_COMBINACIONES!$L$5:$L$410,$O15)):INDEX(AUX_COMBINACIONES!$J$5:$J$34,INDEX(AUX_COMBINACIONES!$L$5:$L$410,$O15)+$B15-1))) -> 675000000 | F15: =IF($O15="","",AVERAGE(INDEX(AUX_COMBINACIONES!$J$5:$J$34,INDEX(AUX_COMBINACIONES!$L$5:$L$410,$O15)):INDEX(AUX_COMBINACIONES!$J$5:$J$34,INDEX(AUX_COMBINACIONES!$L$5:$L$410,$O15)+$B15-1))) -> 525000000 | G15: =IF($O15="","",_xlfn.STDEV.S(INDEX(AUX_COMBINACIONES!$J$5:$J$34,INDEX(AUX_COMBINACIONES!$L$5:$L$410,$O15)):INDEX(AUX_COMBINACIONES!$J$5:$J$34,INDEX(AUX_COMBINACIONES!$L$5:$L$410,$O15)+$B15-1))) -> 1.3747727e+08 | H15: =IF($O15="","",G15/F15) -> 0.26186147 | I15: =IF($O15="","",F15-G15) -> 3.8752273e+08 | J15: =IF($O15="","",F15+G15) -> 6.6247727e+08 | K15: =IF($O15="","",SKEW(INDEX(AUX_COMBINACIONES!$J$5:$J$34,INDEX(AUX_COMBINACIONES!$L$5:$L$410,$O15)):INDEX(AUX_COMBINACIONES!$J$5:$J$34,INDEX(AUX_COMBINACIONES!$L$5:$L$410,$O15)+$B15-1))) -> 0.93521953 | L15: =IF($O15="","",IF(H15<=$B$5,"SÍ","NO")) -> NO | M15: =IF($O15="","",ROUND(F15,-2)) -> 525000000 | N15: =IF($O15="","",M15/10000) -> 52500 | O15: =IFERROR(MATCH(SMALL(AUX_COMBINACIONES!$Q$5:$Q$410,ROWS($A$13:$A15)),AUX_COMBINACIONES!$Q$5:$Q$410,0),"") -> 56
A17: COMBINACIÓN SELECCIONADA (elija en B18) – BASE PARA EL VALOR POR HECTÁREA Y POR m²
A18: Combinación | B18: Combinación 3
A19: Ofertas utilizadas | B19: =IFERROR(IF(INDEX($O$13:$O$15,MATCH($B$18,$A$13:$A$15,0))="","Muestra insuficiente (mínimo 3 ofertas elegibles)",INDEX($C$13:$C$15,MATCH($B$18,$A$13:$A$15,0))&" ("&INDEX($B$13:$B$15,MATCH($B$18,$A$13:$A$15,0))&" ofertas)"),"Seleccione una combinación") -> 5, 3, 4 (3 ofertas)
A20: Coeficiente de variación | B20: =IFERROR(INDEX($H$13:$H$15,MATCH($B$18,$A$13:$A$15,0)),"") -> 0.26186147
A21: ¿Cumple el CV máximo admisible? | B21: =IFERROR(INDEX($L$13:$L$15,MATCH($B$18,$A$13:$A$15,0)),"") -> NO
A22: Valor por hectárea ($/ha) | B22: =IFERROR(INDEX($M$13:$M$15,MATCH($B$18,$A$13:$A$15,0)),"") -> 525000000
A23: Valor por metro cuadrado ($/m²) | B23: =IFERROR(INDEX($N$13:$N$15,MATCH($B$18,$A$13:$A$15,0)),"") -> 52500
A25: Notas: (1) La muestra mínima es de 3 ofertas; si con 3 no se logra el CV máximo, la hoja prueba con 4, 5 o más ofertas (grupos de ofertas consecutivas por valor/ha, hoja AUX_COMBINACIONES, capacidad 30 ofertas). (2) Se muestran hasta 3 combinaciones: primero las que cumplen el CV máximo (con más ofertas primero y menor CV) y, si ninguna cumple, las de menor CV. (3) Con el filtro en SÍ solo se combinan ofertas dentro de los límites inferior y superior de la muestra completa, y únicamente cuando el CV de la muestra general supera el máximo admisible (si ya lo cumple, se usan todas las ofertas). (4) Valor $/m² = valor $/ha ÷ 10.000. Se recalcula al agregar o quitar ofertas en 'MERCADO RURAL'.

Sheet DEPRECIACIÓN
A1: DEPRECIACIÓN DE CONSTRUCCIONES MÉTODO ROSS – HEIDECKE
A2: Estudio de mercado predios rurales – Puente Bomba / El Ebanal (corr. Tigreras) · Referencia de liquidación: MI 080-8167
A3: CÁLCULO DEL VALOR POR ESTADO DE CONSERVACIÓN SEGÚN ROSS - HEIDECKE
A4: OFERTA No. | B4: ÍTEM | C4: EDAD (años) | D4: VIDA ÚTIL (años) | E4: CALIFICACIÓN ESTADO | F4: VALOR REPOSICIÓN | G4: % (DE VIDA) | H4: FACTOR DEPRECIACIÓN POR EDAD ROSS | I4: E = FACTOR DEPRECIACIÓN POR ESTADO HEIDECKE | J4: K = DEPRECIACIÓN (tabla Ross-Heidecke) | K4: VALOR DEPRECIADO | L4: FD = FACTOR DEPRECIACIÓN | M4: VALOR ACTUAL (VALOR DEPRECIADO) | N4: VALOR ADOPTADO | O4: ÁREA CONSTRUIDA (m²) | P4: VALOR TOTAL CONSTRUCCIÓN (N × O) | Q4: ORDEN EN LIQUIDACIÓN (A vacío = predio objeto) | S4: TABLA HEIDECKE
B5: Casa Principal | C5: 30 | D5: 70 | E5: 2.5 | F5: 1131400 | G5: =IF($B5="","",C5/D5) -> 0.42857143 | H5: =IF($B5="","",1-0.5*(G5+G5^2)) -> 0.69387755 | I5: =IF($B5="","",1-INDEX($T$6:$T$14,MATCH(E5,$S$6:$S$14,0))) -> 0.9191 | J5: =IF($B5="","",1-H5*I5) -> 0.36225714 | K5: =IF($B5="","",F5*J5) -> 409857.73 | L5: =IF($B5="","",I5*H5) -> 0.63774286 | M5: =IF($B5="","",F5*L5) -> 721542.27 | N5: =IF($B5="","",MROUND(M5,1000)) -> 722000 | O5: 97 | P5: =IF($B5="","",MROUND(N5*O5,100)) -> 70034000 | Q5: =IF(AND($B5<>"",$A5=""),COUNTIFS($A$5:$A5,"",$B$5:$B5,"<>"),"") -> 1 | S5: CALIFICACIÓN | T5: % DEPRECIACIÓN
B6: Casa Mayordomo | C6: 30 | D6: 70 | E6: 3.5 | F6: 1131400 | G6: =IF($B6="","",C6/D6) -> 0.42857143 | H6: =IF($B6="","",1-0.5*(G6+G6^2)) -> 0.69387755 | I6: =IF($B6="","",1-INDEX($T$6:$T$14,MATCH(E6,$S$6:$S$14,0))) -> 0.668 | J6: =IF($B6="","",1-H6*I6) -> 0.5364898 | K6: =IF($B6="","",F6*J6) -> 606984.56 | L6: =IF($B6="","",I6*H6) -> 0.4635102 | M6: =IF($B6="","",F6*L6) -> 524415.44 | N6: =IF($B6="","",MROUND(M6,1000)) -> 524000 | O6: 70 | P6: =IF($B6="","",MROUND(N6*O6,100)) -> 36680000 | Q6: =IF(AND($B6<>"",$A6=""),COUNTIFS($A$5:$A6,"",$B$5:$B6,"<>"),"") -> 2 | S6: 1 | T6: 0
B7: Casa pequeña | C7: 25 | D7: 70 | E7: 3.5 | F7: 1131400 | G7: =IF($B7="","",C7/D7) -> 0.35714286 | H7: =IF($B7="","",1-0.5*(G7+G7^2)) -> 0.75765306 | I7: =IF($B7="","",1-INDEX($T$6:$T$14,MATCH(E7,$S$6:$S$14,0))) -> 0.668 | J7: =IF($B7="","",1-H7*I7) -> 0.49388776 | K7: =IF($B7="","",F7*J7) -> 558784.61 | L7: =IF($B7="","",I7*H7) -> 0.50611224 | M7: =IF($B7="","",F7*L7) -> 572615.39 | N7: =IF($B7="","",MROUND(M7,1000)) -> 573000 | O7: 53 | P7: =IF($B7="","",MROUND(N7*O7,100)) -> 30369000 | Q7: =IF(AND($B7<>"",$A7=""),COUNTIFS($A$5:$A7,"",$B$5:$B7,"<>"),"") -> 3 | S7: 1.5 | T7: 0.00032
B8: Bodega principal | C8: 30 | D8: 70 | E8: 4 | F8: 1286778 | G8: =IF($B8="","",C8/D8) -> 0.42857143 | H8: =IF($B8="","",1-0.5*(G8+G8^2)) -> 0.69387755 | I8: =IF($B8="","",1-INDEX($T$6:$T$14,MATCH(E8,$S$6:$S$14,0))) -> 0.474 | J8: =IF($B8="","",1-H8*I8) -> 0.67110204 | K8: =IF($B8="","",F8*J8) -> 863559.34 | L8: =IF($B8="","",I8*H8) -> 0.32889796 | M8: =IF($B8="","",F8*L8) -> 423218.66 | N8: =IF($B8="","",MROUND(M8,1000)) -> 423000 | O8: 35 | P8: =IF($B8="","",MROUND(N8*O8,100)) -> 14805000 | Q8: =IF(AND($B8<>"",$A8=""),COUNTIFS($A$5:$A8,"",$B$5:$B8,"<>"),"") -> 4 | S8: 2 | T8: 0.0252
B9: Bodega auxiliar | C9: 30 | D9: 50 | E9: 4 | F9: 1286778 | G9: =IF($B9="","",C9/D9) -> 0.6 | H9: =IF($B9="","",1-0.5*(G9+G9^2)) -> 0.52 | I9: =IF($B9="","",1-INDEX($T$6:$T$14,MATCH(E9,$S$6:$S$14,0))) -> 0.474 | J9: =IF($B9="","",1-H9*I9) -> 0.75352 | K9: =IF($B9="","",F9*J9) -> 969612.96 | L9: =IF($B9="","",I9*H9) -> 0.24648 | M9: =IF($B9="","",F9*L9) -> 317165.04 | N9: =IF($B9="","",MROUND(M9,1000)) -> 317000 | O9: 28 | P9: =IF($B9="","",MROUND(N9*O9,100)) -> 8876000 | Q9: =IF(AND($B9<>"",$A9=""),COUNTIFS($A$5:$A9,"",$B$5:$B9,"<>"),"") -> 5 | S9: 2.5 | T9: 0.0809
B10: Cuarto útil | C10: 30 | D10: 70 | E10: 3 | F10: 1231701 | G10: =IF($B10="","",C10/D10) -> 0.42857143 | H10: =IF($B10="","",1-0.5*(G10+G10^2)) -> 0.69387755 | I10: =IF($B10="","",1-INDEX($T$6:$T$14,MATCH(E10,$S$6:$S$14,0))) -> 0.819 | J10: =IF($B10="","",1-H10*I10) -> 0.43171429 | K10: =IF($B10="","",F10*J10) -> 531742.92 | L10: =IF($B10="","",I10*H10) -> 0.56828571 | M10: =IF($B10="","",F10*L10) -> 699958.08 | N10: =IF($B10="","",MROUND(M10,1000)) -> 700000 | O10: 17 | P10: =IF($B10="","",MROUND(N10*O10,100)) -> 11900000 | Q10: =IF(AND($B10<>"",$A10=""),COUNTIFS($A$5:$A10,"",$B$5:$B10,"<>"),"") -> 6 | S10: 3 | T10: 0.181
G11: =IF($B11="","",C11/D11) | H11: =IF($B11="","",1-0.5*(G11+G11^2)) | I11: =IF($B11="","",1-INDEX($T$6:$T$14,MATCH(E11,$S$6:$S$14,0))) | J11: =IF($B11="","",1-H11*I11) | K11: =IF($B11="","",F11*J11) | L11: =IF($B11="","",I11*H11) | M11: =IF($B11="","",F11*L11) | N11: =IF($B11="","",MROUND(M11,1000)) | P11: =IF($B11="","",MROUND(N11*O11,100)) | Q11: =IF(AND($B11<>"",$A11=""),COUNTIFS($A$5:$A11,"",$B$5:$B11,"<>"),"") | S11: 3.5 | T11: 0.332
G12: =IF($B12="","",C12/D12) | H12: =IF($B12="","",1-0.5*(G12+G12^2)) | I12: =IF($B12="","",1-INDEX($T$6:$T$14,MATCH(E12,$S$6:$S$14,0))) | J12: =IF($B12="","",1-H12*I12) | K12: =IF($B12="","",F12*J12) | L12: =IF($B12="","",I12*H12) | M12: =IF($B12="","",F12*L12) | N12: =IF($B12="","",MROUND(M12,1000)) | P12: =IF($B12="","",MROUND(N12*O12,100)) | Q12: =IF(AND($B12<>"",$A12=""),COUNTIFS($A$5:$A12,"",$B$5:$B12,"<>"),"") | S12: 4 | T12: 0.526
G13: =IF($B13="","",C13/D13) | H13: =IF($B13="","",1-0.5*(G13+G13^2)) | I13: =IF($B13="","",1-INDEX($T$6:$T$14,MATCH(E13,$S$6:$S$14,0))) | J13: =IF($B13="","",1-H13*I13) | K13: =IF($B13="","",F13*J13) | L13: =IF($B13="","",I13*H13) | M13: =IF($B13="","",F13*L13) | N13: =IF($B13="","",MROUND(M13,1000)) | P13: =IF($B13="","",MROUND(N13*O13,100)) | Q13: =IF(AND($B13<>"",$A13=""),COUNTIFS($A$5:$A13,"",$B$5:$B13,"<>"),"") | S13: 4.5 | T13: 0.752
G14: =IF($B14="","",C14/D14) | H14: =IF($B14="","",1-0.5*(G14+G14^2)) | I14: =IF($B14="","",1-INDEX($T$6:$T$14,MATCH(E14,$S$6:$S$14,0))) | J14: =IF($B14="","",1-H14*I14) | K14: =IF($B14="","",F14*J14) | L14: =IF($B14="","",I14*H14) | M14: =IF($B14="","",F14*L14) | N14: =IF($B14="","",MROUND(M14,1000)) | P14: =IF($B14="","",MROUND(N14*O14,100)) | Q14: =IF(AND($B14<>"",$A14=""),COUNTIFS($A$5:$A14,"",$B$5:$B14,"<>"),"") | S14: 5 | T14: 1
A15: TOTAL | F15: =SUM(F5:F14) -> 7199457 | K15: =SUM(K5:K14) -> 3940542.1 | M15: =SUM(M5:M14) -> 3258914.9 | N15: =SUM(N5:N14) -> 3259000 | P15: =SUM(P5:P14) -> 172664000
A17: VÍNCULO CON LA TABLA DE MERCADO – VALOR ESTIMADO DE CONSTRUCCIONES POR OFERTA (se actualiza con las ofertas de 'MERCADO RURAL', hasta 20)
A18: No. | B18: UBICACIÓN | F18: Nº CONSTRUC-CIONES | G18: VALOR REPOSICIÓN TOTAL (F × O) | J18: DEPRECIACIÓN (reposición − valor actual) | M18: VALOR ESTIMADO CONSTRUCCIONES
A19: =IF((ROWS($A$19:$A19)+8)>AUX_COMBINACIONES!$C$3,"",IF(INDEX('MERCADO RURAL'!$A:$A,(ROWS($A$19:$A19)+8))="","",INDEX('MERCADO RURAL'!$A:$A,(ROWS($A$19:$A19)+8)))) -> 1 | B19: =IF($A19="","",INDEX('MERCADO RURAL'!$B:$B,(ROWS($A$19:$A19)+8))) -> Dibulla, sobre Troncal del Caribe, cerca a Ciénaga de Mamavita / La Punta de los Remedios | F19: =IF($A19="","",COUNTIFS($A$5:$A$14,$A19,$B$5:$B$14,"<>")) -> 0 | G19: =IF($A19="","",SUMPRODUCT(($A$5:$A$14=$A19)*$F$5:$F$14*$O$5:$O$14)) -> 0 | J19: =IF($A19="","",G19-M19) -> 0 | M19: =IF($A19="","",SUMIFS($P$5:$P$14,$A$5:$A$14,$A19)) -> 0
A20: =IF((ROWS($A$19:$A20)+8)>AUX_COMBINACIONES!$C$3,"",IF(INDEX('MERCADO RURAL'!$A:$A,(ROWS($A$19:$A20)+8))="","",INDEX('MERCADO RURAL'!$A:$A,(ROWS($A$19:$A20)+8)))) -> 2 | B20: =IF($A20="","",INDEX('MERCADO RURAL'!$B:$B,(ROWS($A$19:$A20)+8))) -> Camarones II, sector Cachaca 1, Riohacha – frente a vía principal, ~800 m de la playa | F20: =IF($A20="","",COUNTIFS($A$5:$A$14,$A20,$B$5:$B$14,"<>")) -> 0 | G20: =IF($A20="","",SUMPRODUCT(($A$5:$A$14=$A20)*$F$5:$F$14*$O$5:$O$14)) -> 0 | J20: =IF($A20="","",G20-M20) -> 0 | M20: =IF($A20="","",SUMIFS($P$5:$P$14,$A$5:$A$14,$A20)) -> 0
A21: =IF((ROWS($A$19:$A21)+8)>AUX_COMBINACIONES!$C$3,"",IF(INDEX('MERCADO RURAL'!$A:$A,(ROWS($A$19:$A21)+8))="","",INDEX('MERCADO RURAL'!$A:$A,(ROWS($A$19:$A21)+8)))) -> 3 | B21: =IF($A21="","",INDEX('MERCADO RURAL'!$B:$B,(ROWS($A$19:$A21)+8))) -> La Guija, a 5 km de El Retiro, Riohacha (vía destapada) | F21: =IF($A21="","",COUNTIFS($A$5:$A$14,$A21,$B$5:$B$14,"<>")) -> 0 | G21: =IF($A21="","",SUMPRODUCT(($A$5:$A$14=$A21)*$F$5:$F$14*$O$5:$O$14)) -> 0 | J21: =IF($A21="","",G21-M21) -> 0 | M21: =IF($A21="","",SUMIFS($P$5:$P$14,$A$5:$A$14,$A21)) -> 0
A22: =IF((ROWS($A$19:$A22)+8)>AUX_COMBINACIONES!$C$3,"",IF(INDEX('MERCADO RURAL'!$A:$A,(ROWS($A$19:$A22)+8))="","",INDEX('MERCADO RURAL'!$A:$A,(ROWS($A$19:$A22)+8)))) -> 4 | B22: =IF($A22="","",INDEX('MERCADO RURAL'!$B:$B,(ROWS($A$19:$A22)+8))) -> Riohacha, frente al mar (~40 m de playa) | F22: =IF($A22="","",COUNTIFS($A$5:$A$14,$A22,$B$5:$B$14,"<>")) -> 0 | G22: =IF($A22="","",SUMPRODUCT(($A$5:$A$14=$A22)*$F$5:$F$14*$O$5:$O$14)) -> 0 | J22: =IF($A22="","",G22-M22) -> 0 | M22: =IF($A22="","",SUMIFS($P$5:$P$14,$A$5:$A$14,$A22)) -> 0
A23: =IF((ROWS($A$19:$A23)+8)>AUX_COMBINACIONES!$C$3,"",IF(INDEX('MERCADO RURAL'!$A:$A,(ROWS($A$19:$A23)+8))="","",INDEX('MERCADO RURAL'!$A:$A,(ROWS($A$19:$A23)+8)))) -> 5 | B23: =IF($A23="","",INDEX('MERCADO RURAL'!$B:$B,(ROWS($A$19:$A23)+8))) -> Chingale / Mingueo, Dibulla – 250 m de frente de playa | F23: =IF($A23="","",COUNTIFS($A$5:$A$14,$A23,$B$5:$B$14,"<>")) -> 0 | G23: =IF($A23="","",SUMPRODUCT(($A$5:$A$14=$A23)*$F$5:$F$14*$O$5:$O$14)) -> 0 | J23: =IF($A23="","",G23-M23) -> 0 | M23: =IF($A23="","",SUMIFS($P$5:$P$14,$A$5:$A$14,$A23)) -> 0
A24: =IF((ROWS($A$19:$A24)+8)>AUX_COMBINACIONES!$C$3,"",IF(INDEX('MERCADO RURAL'!$A:$A,(ROWS($A$19:$A24)+8))="","",INDEX('MERCADO RURAL'!$A:$A,(ROWS($A$19:$A24)+8)))) -> 6 | B24: =IF($A24="","",INDEX('MERCADO RURAL'!$B:$B,(ROWS($A$19:$A24)+8))) -> Palomino, Dibulla – 25 m de frente de playa × 400 m | F24: =IF($A24="","",COUNTIFS($A$5:$A$14,$A24,$B$5:$B$14,"<>")) -> 0 | G24: =IF($A24="","",SUMPRODUCT(($A$5:$A$14=$A24)*$F$5:$F$14*$O$5:$O$14)) -> 0 | J24: =IF($A24="","",G24-M24) -> 0 | M24: =IF($A24="","",SUMIFS($P$5:$P$14,$A$5:$A$14,$A24)) -> 0
A25: =IF((ROWS($A$19:$A25)+8)>AUX_COMBINACIONES!$C$3,"",IF(INDEX('MERCADO RURAL'!$A:$A,(ROWS($A$19:$A25)+8))="","",INDEX('MERCADO RURAL'!$A:$A,(ROWS($A$19:$A25)+8)))) -> 7 | B25: =IF($A25="","",INDEX('MERCADO RURAL'!$B:$B,(ROWS($A$19:$A25)+8))) -> Estribaciones Sierra Nevada, Riohacha – 10 min del mar, riego en 12 ha, 2 casas | F25: =IF($A25="","",COUNTIFS($A$5:$A$14,$A25,$B$5:$B$14,"<>")) -> 0 | G25: =IF($A25="","",SUMPRODUCT(($A$5:$A$14=$A25)*$F$5:$F$14*$O$5:$O$14)) -> 0 | J25: =IF($A25="","",G25-M25) -> 0 | M25: =IF($A25="","",SUMIFS($P$5:$P$14,$A$5:$A$14,$A25)) -> 0
A26: =IF((ROWS($A$19:$A26)+8)>AUX_COMBINACIONES!$C$3,"",IF(INDEX('MERCADO RURAL'!$A:$A,(ROWS($A$19:$A26)+8))="","",INDEX('MERCADO RURAL'!$A:$A,(ROWS($A$19:$A26)+8)))) -> 8 | B26: =IF($A26="","",INDEX('MERCADO RURAL'!$B:$B,(ROWS($A$19:$A26)+8))) -> Riohacha – "lotes para proyectos turísticos", mínimo 50 ha | F26: =IF($A26="","",COUNTIFS($A$5:$A$14,$A26,$B$5:$B$14,"<>")) -> 0 | G26: =IF($A26="","",SUMPRODUCT(($A$5:$A$14=$A26)*$F$5:$F$14*$O$5:$O$14)) -> 0 | J26: =IF($A26="","",G26-M26) -> 0 | M26: =IF($A26="","",SUMIFS($P$5:$P$14,$A$5:$A$14,$A26)) -> 0
A27: =IF((ROWS($A$19:$A27)+8)>AUX_COMBINACIONES!$C$3,"",IF(INDEX('MERCADO RURAL'!$A:$A,(ROWS($A$19:$A27)+8))="","",INDEX('MERCADO RURAL'!$A:$A,(ROWS($A$19:$A27)+8)))) | B27: =IF($A27="","",INDEX('MERCADO RURAL'!$B:$B,(ROWS($A$19:$A27)+8))) | F27: =IF($A27="","",COUNTIFS($A$5:$A$14,$A27,$B$5:$B$14,"<>")) | G27: =IF($A27="","",SUMPRODUCT(($A$5:$A$14=$A27)*$F$5:$F$14*$O$5:$O$14)) | J27: =IF($A27="","",G27-M27) | M27: =IF($A27="","",SUMIFS($P$5:$P$14,$A$5:$A$14,$A27))
A28: =IF((ROWS($A$19:$A28)+8)>AUX_COMBINACIONES!$C$3,"",IF(INDEX('MERCADO RURAL'!$A:$A,(ROWS($A$19:$A28)+8))="","",INDEX('MERCADO RURAL'!$A:$A,(ROWS($A$19:$A28)+8)))) | B28: =IF($A28="","",INDEX('MERCADO RURAL'!$B:$B,(ROWS($A$19:$A28)+8))) | F28: =IF($A28="","",COUNTIFS($A$5:$A$14,$A28,$B$5:$B$14,"<>")) | G28: =IF($A28="","",SUMPRODUCT(($A$5:$A$14=$A28)*$F$5:$F$14*$O$5:$O$14)) | J28: =IF($A28="","",G28-M28) | M28: =IF($A28="","",SUMIFS($P$5:$P$14,$A$5:$A$14,$A28))
A29: =IF((ROWS($A$19:$A29)+8)>AUX_COMBINACIONES!$C$3,"",IF(INDEX('MERCADO RURAL'!$A:$A,(ROWS($A$19:$A29)+8))="","",INDEX('MERCADO RURAL'!$A:$A,(ROWS($A$19:$A29)+8)))) | B29: =IF($A29="","",INDEX('MERCADO RURAL'!$B:$B,(ROWS($A$19:$A29)+8))) | F29: =IF($A29="","",COUNTIFS($A$5:$A$14,$A29,$B$5:$B$14,"<>")) | G29: =IF($A29="","",SUMPRODUCT(($A$5:$A$14=$A29)*$F$5:$F$14*$O$5:$O$14)) | J29: =IF($A29="","",G29-M29) | M29: =IF($A29="","",SUMIFS($P$5:$P$14,$A$5:$A$14,$A29))
A30: =IF((ROWS($A$19:$A30)+8)>AUX_COMBINACIONES!$C$3,"",IF(INDEX('MERCADO RURAL'!$A:$A,(ROWS($A$19:$A30)+8))="","",INDEX('MERCADO RURAL'!$A:$A,(ROWS($A$19:$A30)+8)))) | B30: =IF($A30="","",INDEX('MERCADO RURAL'!$B:$B,(ROWS($A$19:$A30)+8))) | F30: =IF($A30="","",COUNTIFS($A$5:$A$14,$A30,$B$5:$B$14,"<>")) | G30: =IF($A30="","",SUMPRODUCT(($A$5:$A$14=$A30)*$F$5:$F$14*$O$5:$O$14)) | J30: =IF($A30="","",G30-M30) | M30: =IF($A30="","",SUMIFS($P$5:$P$14,$A$5:$A$14,$A30))
... A38: =IF((ROWS($A$19:$A38)+8)>AUX_COMBINACIONES!$C$3,"",IF(INDEX('MERCADO RURAL'!$A:$A,(ROWS($A$19:$A38)+8))="","",INDEX('MERCADO RURAL'!$A:$A,(ROWS($A$19:$A38)+8)))) | B38: =IF($A38="","",INDEX('MERCADO RURAL'!$B:$B,(ROWS($A$19:$A38)+8))) | F38: =IF($A38="","",COUNTIFS($A$5:$A$14,$A38,$B$5:$B$14,"<>")) | G38: =IF($A38="","",SUMPRODUCT(($A$5:$A$14=$A38)*$F$5:$F$14*$O$5:$O$14)) | J38: =IF($A38="","",G38-M38) | M38: =IF($A38="","",SUMIFS($P$5:$P$14,$A$5:$A$14,$A38))
A39: TOTAL ASIGNADO A OFERTAS | F39: =SUM(F19:F38) -> 0 | G39: =SUM(G19:G38) -> 0 | J39: =SUM(J19:J38) -> 0 | M39: =SUM(M19:M38) -> 0
A40: Construcciones del predio objeto (sin oferta asignada) – pasan a la hoja LIQUIDACIÓN | M40: =SUMIFS($P$5:$P$14,$A$5:$A$14,"",$B$5:$B$14,"<>") -> 172664000
A41: Control: total tabla = asignado a ofertas + predio objeto (debe ser 0) | M41: =P15-M39-M40 -> 0
A43: Instrucciones: (1) Digite en la columna A el No. de la oferta de 'MERCADO RURAL' a la que pertenece cada construcción; si la deja vacía, la construcción pertenece al predio objeto y se lista en 'LIQUIDACIÓN' en el orden de la columna Q. (2) Los datos en azul son editables: edad, vida útil, calificación (1 a 5, pasos de 0,5), valor de reposición por m² y área construida (m²). (3) El valor total de cada construcción (columna P = valor adoptado por m² × área) se suma por oferta y alimenta 'MERCADO RURAL' (columna Valor estimado construcciones). (4) Capacidad: 10 construcciones y 20 ofertas.

Sheet LIQUIDACIÓN
B2: TABLA DE VALORES
B3: TERRENO | H3: CÁLCULO AUXILIAR – VALOR EN LETRAS
B4: DESCRIPCIÓN | C4: UNIDAD | D4: CANTIDAD | E4: VALOR UNITARIO | F4: VALOR TOTAL | H4: CONCEPTO | I4: VALOR | J4: TEXTO | K4: TEXTO (APOCOPADO) | N4: UNIDADES 1–29 | O4: DECENAS 30–90
B5: ='MERCADO RURAL'!E4 -> Predio rural, sector Puente Bomba – El Ebanal (corr. Tigreras). Coord. 11.251133, -73.127307 | C5: Ha | D5: 2 | E5: ='MERCADO RURAL'!H24 -> 449621900 | F5: =MROUND(D5*E5,100) -> 899243800 | H5: Valor total (entero) | I5: =ROUND(F22,0) -> 1071907800 | N5: UNO | O5: TREINTA
B6: CONSTRUCCIÓN PRINCIPAL | H6: Millones totales | I6: =INT(I5/10^6) -> 1071 | N6: DOS | O6: CUARENTA
B7: DESCRIPCIÓN | C7: UNIDAD | D7: CANTIDAD | E7: VALOR UNITARIO | F7: VALOR TOTAL | H7: Bloque miles de millones | I7: =INT(I6/1000) -> 1 | J7: =IF(I7=0,"",IF(I7=100,"CIEN",TRIM(CHOOSE(INT(I7/100)+1,"","CIENTO ","DOSCIENTOS ","TRESCIENTOS ","CUATROCIENTOS ","QUINIENTOS ","SEISCIENTOS ","SETECIENTOS ","OCHOCIENTOS ","NOVECIENTOS ")&IF(MOD(I7,100)=0,"",IF(MOD(I7,100)<30,INDEX($N$5:$N$33,MOD(I7,100)),INDEX($O$5:$O$11,INT(MOD(I7,100)/10)-2)&IF(MOD(I7,10)=0,""," Y "&INDEX($N$5:$N$13,MOD(I7,10)))))))) -> UNO | K7: =IF(RIGHT(J7,9)="VEINTIUNO",LEFT(J7,LEN(J7)-9)&"VEINTIÚN",IF(RIGHT(J7,3)="UNO",LEFT(J7,LEN(J7)-1),J7)) -> UN | N7: TRES | O7: CINCUENTA
B8: =IFERROR(UPPER(INDEX(DEPRECIACIÓN!$B$5:$B$14,MATCH(1,DEPRECIACIÓN!$Q$5:$Q$14,0))),"") -> CASA PRINCIPAL | C8: =IF(B8="","","m²") -> m² | D8: =IF(B8="","",INDEX(DEPRECIACIÓN!$O$5:$O$14,MATCH(1,DEPRECIACIÓN!$Q$5:$Q$14,0))) -> 97 | E8: =IF(B8="","",INDEX(DEPRECIACIÓN!$N$5:$N$14,MATCH(1,DEPRECIACIÓN!$Q$5:$Q$14,0))) -> 722000 | F8: =IF(B8="","",MROUND(D8*E8,100)) -> 70034000 | H8: Bloque millones | I8: =MOD(I6,1000) -> 71 | J8: =IF(I8=0,"",IF(I8=100,"CIEN",TRIM(CHOOSE(INT(I8/100)+1,"","CIENTO ","DOSCIENTOS ","TRESCIENTOS ","CUATROCIENTOS ","QUINIENTOS ","SEISCIENTOS ","SETECIENTOS ","OCHOCIENTOS ","NOVECIENTOS ")&IF(MOD(I8,100)=0,"",IF(MOD(I8,100)<30,INDEX($N$5:$N$33,MOD(I8,100)),INDEX($O$5:$O$11,INT(MOD(I8,100)/10)-2)&IF(MOD(I8,10)=0,""," Y "&INDEX($N$5:$N$13,MOD(I8,10)))))))) -> SETENTA Y UNO | K8: =IF(RIGHT(J8,9)="VEINTIUNO",LEFT(J8,LEN(J8)-9)&"VEINTIÚN",IF(RIGHT(J8,3)="UNO",LEFT(J8,LEN(J8)-1),J8)) -> SETENTA Y UN | N8: CUATRO | O8: SESENTA
B9: VALOR TOTAL DE LA CONSTRUCCIÓN PRINCIPAL | F9: =SUM(F8:F8) -> 70034000 | H9: Bloque miles | I9: =INT(MOD(I5,10^6)/1000) -> 907 | J9: =IF(I9=0,"",IF(I9=100,"CIEN",TRIM(CHOOSE(INT(I9/100)+1,"","CIENTO ","DOSCIENTOS ","TRESCIENTOS ","CUATROCIENTOS ","QUINIENTOS ","SEISCIENTOS ","SETECIENTOS ","OCHOCIENTOS ","NOVECIENTOS ")&IF(MOD(I9,100)=0,"",IF(MOD(I9,100)<30,INDEX($N$5:$N$33,MOD(I9,100)),INDEX($O$5:$O$11,INT(MOD(I9,100)/10)-2)&IF(MOD(I9,10)=0,""," Y "&INDEX($N$5:$N$13,MOD(I9,10)))))))) -> NOVECIENTOS SIETE | K9: =IF(RIGHT(J9,9)="VEINTIUNO",LEFT(J9,LEN(J9)-9)&"VEINTIÚN",IF(RIGHT(J9,3)="UNO",LEFT(J9,LEN(J9)-1),J9)) -> NOVECIENTOS SIETE | N9: CINCO | O9: SETENTA
B10: CONSTRUCCIONES ANEXAS | H10: Bloque unidades | I10: =MOD(I5,1000) -> 800 | J10: =IF(I10=0,"",IF(I10=100,"CIEN",TRIM(CHOOSE(INT(I10/100)+1,"","CIENTO ","DOSCIENTOS ","TRESCIENTOS ","CUATROCIENTOS ","QUINIENTOS ","SEISCIENTOS ","SETECIENTOS ","OCHOCIENTOS ","NOVECIENTOS ")&IF(MOD(I10,100)=0,"",IF(MOD(I10,100)<30,INDEX($N$5:$N$33,MOD(I10,100)),INDEX($O$5:$O$11,INT(MOD(I10,100)/10)-2)&IF(MOD(I10,10)=0,""," Y "&INDEX($N$5:$N$13,MOD(I10,10)))))))) -> OCHOCIENTOS | N10: SEIS | O10: OCHENTA
B11: DESCRIPCIÓN | C11: UNIDAD | D11: CANTIDAD | E11: VALOR UNITARIO | F11: VALOR TOTAL | N11: SIETE | O11: NOVENTA
B12: =IFERROR(UPPER(INDEX(DEPRECIACIÓN!$B$5:$B$14,MATCH((ROWS($B$12:$B12)+1),DEPRECIACIÓN!$Q$5:$Q$14,0))),"") -> CASA MAYORDOMO | C12: =IF(B12="","","m²") -> m² | D12: =IF(B12="","",INDEX(DEPRECIACIÓN!$O$5:$O$14,MATCH((ROWS($B$12:$B12)+1),DEPRECIACIÓN!$Q$5:$Q$14,0))) -> 70 | E12: =IF(B12="","",INDEX(DEPRECIACIÓN!$N$5:$N$14,MATCH((ROWS($B$12:$B12)+1),DEPRECIACIÓN!$Q$5:$Q$14,0))) -> 524000 | F12: =IF(B12="","",MROUND(D12*E12,100)) -> 36680000 | N12: OCHO
B13: =IFERROR(UPPER(INDEX(DEPRECIACIÓN!$B$5:$B$14,MATCH((ROWS($B$12:$B13)+1),DEPRECIACIÓN!$Q$5:$Q$14,0))),"") -> CASA PEQUEÑA | C13: =IF(B13="","","m²") -> m² | D13: =IF(B13="","",INDEX(DEPRECIACIÓN!$O$5:$O$14,MATCH((ROWS($B$12:$B13)+1),DEPRECIACIÓN!$Q$5:$Q$14,0))) -> 53 | E13: =IF(B13="","",INDEX(DEPRECIACIÓN!$N$5:$N$14,MATCH((ROWS($B$12:$B13)+1),DEPRECIACIÓN!$Q$5:$Q$14,0))) -> 573000 | F13: =IF(B13="","",MROUND(D13*E13,100)) -> 30369000 | N13: NUEVE
B14: =IFERROR(UPPER(INDEX(DEPRECIACIÓN!$B$5:$B$14,MATCH((ROWS($B$12:$B14)+1),DEPRECIACIÓN!$Q$5:$Q$14,0))),"") -> BODEGA PRINCIPAL | C14: =IF(B14="","","m²") -> m² | D14: =IF(B14="","",INDEX(DEPRECIACIÓN!$O$5:$O$14,MATCH((ROWS($B$12:$B14)+1),DEPRECIACIÓN!$Q$5:$Q$14,0))) -> 35 | E14: =IF(B14="","",INDEX(DEPRECIACIÓN!$N$5:$N$14,MATCH((ROWS($B$12:$B14)+1),DEPRECIACIÓN!$Q$5:$Q$14,0))) -> 423000 | F14: =IF(B14="","",MROUND(D14*E14,100)) -> 14805000 | N14: DIEZ
B15: =IFERROR(UPPER(INDEX(DEPRECIACIÓN!$B$5:$B$14,MATCH((ROWS($B$12:$B15)+1),DEPRECIACIÓN!$Q$5:$Q$14,0))),"") -> BODEGA AUXILIAR | C15: =IF(B15="","","m²") -> m² | D15: =IF(B15="","",INDEX(DEPRECIACIÓN!$O$5:$O$14,MATCH((ROWS($B$12:$B15)+1),DEPRECIACIÓN!$Q$5:$Q$14,0))) -> 28 | E15: =IF(B15="","",INDEX(DEPRECIACIÓN!$N$5:$N$14,MATCH((ROWS($B$12:$B15)+1),DEPRECIACIÓN!$Q$5:$Q$14,0))) -> 317000 | F15: =IF(B15="","",MROUND(D15*E15,100)) -> 8876000 | N15: ONCE
B16: =IFERROR(UPPER(INDEX(DEPRECIACIÓN!$B$5:$B$14,MATCH((ROWS($B$12:$B16)+1),DEPRECIACIÓN!$Q$5:$Q$14,0))),"") -> CUARTO ÚTIL | C16: =IF(B16="","","m²") -> m² | D16: =IF(B16="","",INDEX(DEPRECIACIÓN!$O$5:$O$14,MATCH((ROWS($B$12:$B16)+1),DEPRECIACIÓN!$Q$5:$Q$14,0))) -> 17 | E16: =IF(B16="","",INDEX(DEPRECIACIÓN!$N$5:$N$14,MATCH((ROWS($B$12:$B16)+1),DEPRECIACIÓN!$Q$5:$Q$14,0))) -> 700000 | F16: =IF(B16="","",MROUND(D16*E16,100)) -> 11900000 | N16: DOCE
B17: =IFERROR(UPPER(INDEX(DEPRECIACIÓN!$B$5:$B$14,MATCH((ROWS($B$12:$B17)+1),DEPRECIACIÓN!$Q$5:$Q$14,0))),"") | C17: =IF(B17="","","m²") | D17: =IF(B17="","",INDEX(DEPRECIACIÓN!$O$5:$O$14,MATCH((ROWS($B$12:$B17)+1),DEPRECIACIÓN!$Q$5:$Q$14,0))) | E17: =IF(B17="","",INDEX(DEPRECIACIÓN!$N$5:$N$14,MATCH((ROWS($B$12:$B17)+1),DEPRECIACIÓN!$Q$5:$Q$14,0))) | F17: =IF(B17="","",MROUND(D17*E17,100)) | N17: TRECE
B18: =IFERROR(UPPER(INDEX(DEPRECIACIÓN!$B$5:$B$14,MATCH((ROWS($B$12:$B18)+1),DEPRECIACIÓN!$Q$5:$Q$14,0))),"") | C18: =IF(B18="","","m²") | D18: =IF(B18="","",INDEX(DEPRECIACIÓN!$O$5:$O$14,MATCH((ROWS($B$12:$B18)+1),DEPRECIACIÓN!$Q$5:$Q$14,0))) | E18: =IF(B18="","",INDEX(DEPRECIACIÓN!$N$5:$N$14,MATCH((ROWS($B$12:$B18)+1),DEPRECIACIÓN!$Q$5:$Q$14,0))) | F18: =IF(B18="","",MROUND(D18*E18,100)) | N18: CATORCE
B19: =IFERROR(UPPER(INDEX(DEPRECIACIÓN!$B$5:$B$14,MATCH((ROWS($B$12:$B19)+1),DEPRECIACIÓN!$Q$5:$Q$14,0))),"") | C19: =IF(B19="","","m²") | D19: =IF(B19="","",INDEX(DEPRECIACIÓN!$O$5:$O$14,MATCH((ROWS($B$12:$B19)+1),DEPRECIACIÓN!$Q$5:$Q$14,0))) | E19: =IF(B19="","",INDEX(DEPRECIACIÓN!$N$5:$N$14,MATCH((ROWS($B$12:$B19)+1),DEPRECIACIÓN!$Q$5:$Q$14,0))) | F19: =IF(B19="","",MROUND(D19*E19,100)) | N19: QUINCE
B20: =IFERROR(UPPER(INDEX(DEPRECIACIÓN!$B$5:$B$14,MATCH((ROWS($B$12:$B20)+1),DEPRECIACIÓN!$Q$5:$Q$14,0))),"") | C20: =IF(B20="","","m²") | D20: =IF(B20="","",INDEX(DEPRECIACIÓN!$O$5:$O$14,MATCH((ROWS($B$12:$B20)+1),DEPRECIACIÓN!$Q$5:$Q$14,0))) | E20: =IF(B20="","",INDEX(DEPRECIACIÓN!$N$5:$N$14,MATCH((ROWS($B$12:$B20)+1),DEPRECIACIÓN!$Q$5:$Q$14,0))) | F20: =IF(B20="","",MROUND(D20*E20,100)) | N20: DIECISÉIS
B21: VALOR TOTAL DE LAS CONSTRUCCIONES ANEXAS | F21: =MROUND(SUM(F12:F20),100) -> 102630000 | N21: DIECISIETE
B22: VALOR TOTAL DEL AVALÚO | F22: =MROUND(F5+F9+F21,100) -> 1071907800 | N22: DIECIOCHO
B23: VALOR TOTAL EN LETRAS | C23: =TRIM(IF(I6=0,"",IF(I7=0,"",IF(I7=1,"",K7&" ")&"MIL ")&IF(I8=0,"",K8&" ")&IF(I6=1,"MILLÓN ","MILLONES "))&IF(I9=0,"",IF(I9=1,"",K9&" ")&"MIL ")&J10)&IF(I5=0,"CERO","")&" PESOS MLV" -> MIL SETENTA Y UN MILLONES NOVECIENTOS SIETE MIL OCHOCIENTOS PESOS MLV | N23: DIECINUEVE
N24: VEINTE
N25: VEINTIUNO
N26: VEINTIDÓS
B27: Notas: (1) Terreno: el valor unitario por hectárea se vincula con el valor adoptado de 'MERCADO RURAL'; digite en la celda amarilla la superficie del predio (Ha). (2) Construcciones: se listan automáticamente las construcciones de 'DEPRECIACIÓN' que no tienen oferta asignada (predio objeto), con su área (m²) y valor adoptado por m²; capacidad 10. (3) Los totales se redondean a la centena. (4) El valor en letras se genera por fórmula con el cálculo auxiliar de las columnas H a K. | N27: VEINTITRÉS
N28: VEINTICUATRO
N29: VEINTICINCO
N30: VEINTISÉIS
N31: VEINTISIETE
N32: VEINTIOCHO
N33: VEINTINUEVE

Sheet AUX_COMBINACIONES
A1: CÁLCULO AUXILIAR DE COMBINACIONES (no editar) – ofertas ordenadas por valor/ha y ventanas de 3 o más ofertas consecutivas
A2: Fila de 'PROMEDIO' en MERCADO RURAL | C2: =MATCH("PROMEDIO",'MERCADO RURAL'!F:F,0) -> 18 | H2: Ofertas elegibles (m) | J2: =COUNT(J5:J34) -> 6
A3: Última fila de ofertas | C3: =C2-1 -> 17 | H3: CV de la muestra general | J3: =IFERROR(INDEX('MERCADO RURAL'!$H:$H,$C$2+2),0) -> 0.96930406
A4: Casilla | B4: Fila en mercado | C4: No. oferta | D4: Valor/ha | E4: Elegible | F4: Índice elegible | G4: Clave de orden | H4: Orden por valor | I4: No. oferta | J4: Valor/ha | L4: Inicio (s) | M4: Nº ofertas (k) | N4: Válida | O4: CV | P4: Cumple CV máx. | Q4: Clave de orden
A5: 1 | B5: =8+A5 -> 9 | C5: =IF(B5<=$C$3,IF(ISNUMBER(INDEX('MERCADO RURAL'!$H:$H,B5)),IF(ISNUMBER(INDEX('MERCADO RURAL'!$A:$A,B5)),INDEX('MERCADO RURAL'!$A:$A,B5),B5-8),""),"") -> 1 | D5: =IF(C5="","",INDEX('MERCADO RURAL'!$H:$H,B5)) -> 23400000 | E5: =IF(C5="",0,IF(OR(COMBINACIONES!$B$6="NO",$J$3<=COMBINACIONES!$B$5),1,IF(AND(D5>=COMBINACIONES!$B$3,D5<=COMBINACIONES!$B$4),1,0))) -> 1 | F5: =IF(E5=1,SUM(E$5:E5),"") -> 1 | G5: =IF(E5=1,D5+A5*0.000000001,"") -> 23400000 | H5: 1 | I5: =IFERROR(INDEX($C$5:$C$34,MATCH(SMALL($G$5:$G$34,H5),$G$5:$G$34,0)),"") -> 1 | J5: =IFERROR(INDEX($D$5:$D$34,MATCH(SMALL($G$5:$G$34,H5),$G$5:$G$34,0)),"") -> 23400000 | L5: 1 | M5: 3 | N5: =IF(L5+M5-1<=$J$2,1,0) -> 1 | O5: =IF(N5=1,_xlfn.STDEV.S(INDEX($J$5:$J$34,L5):INDEX($J$5:$J$34,L5+M5-1))/AVERAGE(INDEX($J$5:$J$34,L5):INDEX($J$5:$J$34,L5+M5-1)),"") -> 1.4445653 | P5: =IF(N5=1,IF(O5<=COMBINACIONES!$B$5,1,0),"") -> 0 | Q5: =IF(N5=1,IF(P5=1,-M5,100)+O5+ROW()*0.000000000001,"") -> 101.44457
A6: 2 | B6: =8+A6 -> 10 | C6: =IF(B6<=$C$3,IF(ISNUMBER(INDEX('MERCADO RURAL'!$H:$H,B6)),IF(ISNUMBER(INDEX('MERCADO RURAL'!$A:$A,B6)),INDEX('MERCADO RURAL'!$A:$A,B6),B6-8),""),"") -> 2 | D6: =IF(C6="","",INDEX('MERCADO RURAL'!$H:$H,B6)) -> 1250000000 | E6: =IF(C6="",0,IF(OR(COMBINACIONES!$B$6="NO",$J$3<=COMBINACIONES!$B$5),1,IF(AND(D6>=COMBINACIONES!$B$3,D6<=COMBINACIONES!$B$4),1,0))) -> 0 | F6: =IF(E6=1,SUM(E$5:E6),"") | G6: =IF(E6=1,D6+A6*0.000000001,"") | H6: 2 | I6: =IFERROR(INDEX($C$5:$C$34,MATCH(SMALL($G$5:$G$34,H6),$G$5:$G$34,0)),"") -> 7 | J6: =IFERROR(INDEX($D$5:$D$34,MATCH(SMALL($G$5:$G$34,H6),$G$5:$G$34,0)),"") -> 27000000 | L6: 1 | M6: 4 | N6: =IF(L6+M6-1<=$J$2,1,0) -> 1 | O6: =IF(N6=1,_xlfn.STDEV.S(INDEX($J$5:$J$34,L6):INDEX($J$5:$J$34,L6+M6-1))/AVERAGE(INDEX($J$5:$J$34,L6):INDEX($J$5:$J$34,L6+M6-1)),"") -> 1.0437697 | P6: =IF(N6=1,IF(O6<=COMBINACIONES!$B$5,1,0),"") -> 0 | Q6: =IF(N6=1,IF(P6=1,-M6,100)+O6+ROW()*0.000000000001,"") -> 101.04377
A7: 3 | B7: =8+A7 -> 11 | C7: =IF(B7<=$C$3,IF(ISNUMBER(INDEX('MERCADO RURAL'!$H:$H,B7)),IF(ISNUMBER(INDEX('MERCADO RURAL'!$A:$A,B7)),INDEX('MERCADO RURAL'!$A:$A,B7),B7-8),""),"") -> 3 | D7: =IF(C7="","",INDEX('MERCADO RURAL'!$H:$H,B7)) -> 495000000 | E7: =IF(C7="",0,IF(OR(COMBINACIONES!$B$6="NO",$J$3<=COMBINACIONES!$B$5),1,IF(AND(D7>=COMBINACIONES!$B$3,D7<=COMBINACIONES!$B$4),1,0))) -> 1 | F7: =IF(E7=1,SUM(E$5:E7),"") -> 2 | G7: =IF(E7=1,D7+A7*0.000000001,"") -> 495000000 | H7: 3 | I7: =IFERROR(INDEX($C$5:$C$34,MATCH(SMALL($G$5:$G$34,H7),$G$5:$G$34,0)),"") -> 5 | J7: =IFERROR(INDEX($D$5:$D$34,MATCH(SMALL($G$5:$G$34,H7),$G$5:$G$34,0)),"") -> 405000000 | L7: 1 | M7: 5 | N7: =IF(L7+M7-1<=$J$2,1,0) -> 1 | O7: =IF(N7=1,_xlfn.STDEV.S(INDEX($J$5:$J$34,L7):INDEX($J$5:$J$34,L7+M7-1))/AVERAGE(INDEX($J$5:$J$34,L7):INDEX($J$5:$J$34,L7+M7-1)),"") -> 0.8936335 | P7: =IF(N7=1,IF(O7<=COMBINACIONES!$B$5,1,0),"") -> 0 | Q7: =IF(N7=1,IF(P7=1,-M7,100)+O7+ROW()*0.000000000001,"") -> 100.89363
A8: 4 | B8: =8+A8 -> 12 | C8: =IF(B8<=$C$3,IF(ISNUMBER(INDEX('MERCADO RURAL'!$H:$H,B8)),IF(ISNUMBER(INDEX('MERCADO RURAL'!$A:$A,B8)),INDEX('MERCADO RURAL'!$A:$A,B8),B8-8),""),"") -> 4 | D8: =IF(C8="","",INDEX('MERCADO RURAL'!$H:$H,B8)) -> 675000000 | E8: =IF(C8="",0,IF(OR(COMBINACIONES!$B$6="NO",$J$3<=COMBINACIONES!$B$5),1,IF(AND(D8>=COMBINACIONES!$B$3,D8<=COMBINACIONES!$B$4),1,0))) -> 1 | F8: =IF(E8=1,SUM(E$5:E8),"") -> 3 | G8: =IF(E8=1,D8+A8*0.000000001,"") -> 675000000 | H8: 4 | I8: =IFERROR(INDEX($C$5:$C$34,MATCH(SMALL($G$5:$G$34,H8),$G$5:$G$34,0)),"") -> 3 | J8: =IFERROR(INDEX($D$5:$D$34,MATCH(SMALL($G$5:$G$34,H8),$G$5:$G$34,0)),"") -> 495000000 | L8: 1 | M8: 6 | N8: =IF(L8+M8-1<=$J$2,1,0) -> 1 | O8: =IF(N8=1,_xlfn.STDEV.S(INDEX($J$5:$J$34,L8):INDEX($J$5:$J$34,L8+M8-1))/AVERAGE(INDEX($J$5:$J$34,L8):INDEX($J$5:$J$34,L8+M8-1)),"") -> 0.78226924 | P8: =IF(N8=1,IF(O8<=COMBINACIONES!$B$5,1,0),"") -> 0 | Q8: =IF(N8=1,IF(P8=1,-M8,100)+O8+ROW()*0.000000000001,"") -> 100.78227
A9: 5 | B9: =8+A9 -> 13 | C9: =IF(B9<=$C$3,IF(ISNUMBER(INDEX('MERCADO RURAL'!$H:$H,B9)),IF(ISNUMBER(INDEX('MERCADO RURAL'!$A:$A,B9)),INDEX('MERCADO RURAL'!$A:$A,B9),B9-8),""),"") -> 5 | D9: =IF(C9="","",INDEX('MERCADO RURAL'!$H:$H,B9)) -> 405000000 | E9: =IF(C9="",0,IF(OR(COMBINACIONES!$B$6="NO",$J$3<=COMBINACIONES!$B$5),1,IF(AND(D9>=COMBINACIONES!$B$3,D9<=COMBINACIONES!$B$4),1,0))) -> 1 | F9: =IF(E9=1,SUM(E$5:E9),"") -> 4 | G9: =IF(E9=1,D9+A9*0.000000001,"") -> 405000000 | H9: 5 | I9: =IFERROR(INDEX($C$5:$C$34,MATCH(SMALL($G$5:$G$34,H9),$G$5:$G$34,0)),"") -> 4 | J9: =IFERROR(INDEX($D$5:$D$34,MATCH(SMALL($G$5:$G$34,H9),$G$5:$G$34,0)),"") -> 675000000 | L9: 1 | M9: 7 | N9: =IF(L9+M9-1<=$J$2,1,0) -> 0 | O9: =IF(N9=1,_xlfn.STDEV.S(INDEX($J$5:$J$34,L9):INDEX($J$5:$J$34,L9+M9-1))/AVERAGE(INDEX($J$5:$J$34,L9):INDEX($J$5:$J$34,L9+M9-1)),"") | P9: =IF(N9=1,IF(O9<=COMBINACIONES!$B$5,1,0),"") | Q9: =IF(N9=1,IF(P9=1,-M9,100)+O9+ROW()*0.000000000001,"")
A10: 6 | B10: =8+A10 -> 14 | C10: =IF(B10<=$C$3,IF(ISNUMBER(INDEX('MERCADO RURAL'!$H:$H,B10)),IF(ISNUMBER(INDEX('MERCADO RURAL'!$A:$A,B10)),INDEX('MERCADO RURAL'!$A:$A,B10),B10-8),""),"") -> 6 | D10: =IF(C10="","",INDEX('MERCADO RURAL'!$H:$H,B10)) -> 720000000 | E10: =IF(C10="",0,IF(OR(COMBINACIONES!$B$6="NO",$J$3<=COMBINACIONES!$B$5),1,IF(AND(D10>=COMBINACIONES!$B$3,D10<=COMBINACIONES!$B$4),1,0))) -> 1 | F10: =IF(E10=1,SUM(E$5:E10),"") -> 5 | G10: =IF(E10=1,D10+A10*0.000000001,"") -> 720000000 | H10: 6 | I10: =IFERROR(INDEX($C$5:$C$34,MATCH(SMALL($G$5:$G$34,H10),$G$5:$G$34,0)),"") -> 6 | J10: =IFERROR(INDEX($D$5:$D$34,MATCH(SMALL($G$5:$G$34,H10),$G$5:$G$34,0)),"") -> 720000000 | L10: 1 | M10: 8 | N10: =IF(L10+M10-1<=$J$2,1,0) -> 0 | O10: =IF(N10=1,_xlfn.STDEV.S(INDEX($J$5:$J$34,L10):INDEX($J$5:$J$34,L10+M10-1))/AVERAGE(INDEX($J$5:$J$34,L10):INDEX($J$5:$J$34,L10+M10-1)),"") | P10: =IF(N10=1,IF(O10<=COMBINACIONES!$B$5,1,0),"") | Q10: =IF(N10=1,IF(P10=1,-M10,100)+O10+ROW()*0.000000000001,"")
A11: 7 | B11: =8+A11 -> 15 | C11: =IF(B11<=$C$3,IF(ISNUMBER(INDEX('MERCADO RURAL'!$H:$H,B11)),IF(ISNUMBER(INDEX('MERCADO RURAL'!$A:$A,B11)),INDEX('MERCADO RURAL'!$A:$A,B11),B11-8),""),"") -> 7 | D11: =IF(C11="","",INDEX('MERCADO RURAL'!$H:$H,B11)) -> 27000000 | E11: =IF(C11="",0,IF(OR(COMBINACIONES!$B$6="NO",$J$3<=COMBINACIONES!$B$5),1,IF(AND(D11>=COMBINACIONES!$B$3,D11<=COMBINACIONES!$B$4),1,0))) -> 1 | F11: =IF(E11=1,SUM(E$5:E11),"") -> 6 | G11: =IF(E11=1,D11+A11*0.000000001,"") -> 27000000 | H11: 7 | I11: =IFERROR(INDEX($C$5:$C$34,MATCH(SMALL($G$5:$G$34,H11),$G$5:$G$34,0)),"") | J11: =IFERROR(INDEX($D$5:$D$34,MATCH(SMALL($G$5:$G$34,H11),$G$5:$G$34,0)),"") | L11: 1 | M11: 9 | N11: =IF(L11+M11-1<=$J$2,1,0) -> 0 | O11: =IF(N11=1,_xlfn.STDEV.S(INDEX($J$5:$J$34,L11):INDEX($J$5:$J$34,L11+M11-1))/AVERAGE(INDEX($J$5:$J$34,L11):INDEX($J$5:$J$34,L11+M11-1)),"") | P11: =IF(N11=1,IF(O11<=COMBINACIONES!$B$5,1,0),"") | Q11: =IF(N11=1,IF(P11=1,-M11,100)+O11+ROW()*0.000000000001,"")
A12: 8 | B12: =8+A12 -> 16 | C12: =IF(B12<=$C$3,IF(ISNUMBER(INDEX('MERCADO RURAL'!$H:$H,B12)),IF(ISNUMBER(INDEX('MERCADO RURAL'!$A:$A,B12)),INDEX('MERCADO RURAL'!$A:$A,B12),B12-8),""),"") -> 8 | D12: =IF(C12="","",INDEX('MERCADO RURAL'!$H:$H,B12)) -> 1575000 | E12: =IF(C12="",0,IF(OR(COMBINACIONES!$B$6="NO",$J$3<=COMBINACIONES!$B$5),1,IF(AND(D12>=COMBINACIONES!$B$3,D12<=COMBINACIONES!$B$4),1,0))) -> 0 | F12: =IF(E12=1,SUM(E$5:E12),"") | G12: =IF(E12=1,D12+A12*0.000000001,"") | H12: 8 | I12: =IFERROR(INDEX($C$5:$C$34,MATCH(SMALL($G$5:$G$34,H12),$G$5:$G$34,0)),"") | J12: =IFERROR(INDEX($D$5:$D$34,MATCH(SMALL($G$5:$G$34,H12),$G$5:$G$34,0)),"") | L12: 1 | M12: 10 | N12: =IF(L12+M12-1<=$J$2,1,0) -> 0 | O12: =IF(N12=1,_xlfn.STDEV.S(INDEX($J$5:$J$34,L12):INDEX($J$5:$J$34,L12+M12-1))/AVERAGE(INDEX($J$5:$J$34,L12):INDEX($J$5:$J$34,L12+M12-1)),"") | P12: =IF(N12=1,IF(O12<=COMBINACIONES!$B$5,1,0),"") | Q12: =IF(N12=1,IF(P12=1,-M12,100)+O12+ROW()*0.000000000001,"")
A13: 9 | B13: =8+A13 -> 17 | C13: =IF(B13<=$C$3,IF(ISNUMBER(INDEX('MERCADO RURAL'!$H:$H,B13)),IF(ISNUMBER(INDEX('MERCADO RURAL'!$A:$A,B13)),INDEX('MERCADO RURAL'!$A:$A,B13),B13-8),""),"") | D13: =IF(C13="","",INDEX('MERCADO RURAL'!$H:$H,B13)) | E13: =IF(C13="",0,IF(OR(COMBINACIONES!$B$6="NO",$J$3<=COMBINACIONES!$B$5),1,IF(AND(D13>=COMBINACIONES!$B$3,D13<=COMBINACIONES!$B$4),1,0))) -> 0 | F13: =IF(E13=1,SUM(E$5:E13),"") | G13: =IF(E13=1,D13+A13*0.000000001,"") | H13: 9 | I13: =IFERROR(INDEX($C$5:$C$34,MATCH(SMALL($G$5:$G$34,H13),$G$5:$G$34,0)),"") | J13: =IFERROR(INDEX($D$5:$D$34,MATCH(SMALL($G$5:$G$34,H13),$G$5:$G$34,0)),"") | L13: 1 | M13: 11 | N13: =IF(L13+M13-1<=$J$2,1,0) -> 0 | O13: =IF(N13=1,_xlfn.STDEV.S(INDEX($J$5:$J$34,L13):INDEX($J$5:$J$34,L13+M13-1))/AVERAGE(INDEX($J$5:$J$34,L13):INDEX($J$5:$J$34,L13+M13-1)),"") | P13: =IF(N13=1,IF(O13<=COMBINACIONES!$B$5,1,0),"") | Q13: =IF(N13=1,IF(P13=1,-M13,100)+O13+ROW()*0.000000000001,"")
A14: 10 | B14: =8+A14 -> 18 | C14: =IF(B14<=$C$3,IF(ISNUMBER(INDEX('MERCADO RURAL'!$H:$H,B14)),IF(ISNUMBER(INDEX('MERCADO RURAL'!$A:$A,B14)),INDEX('MERCADO RURAL'!$A:$A,B14),B14-8),""),"") | D14: =IF(C14="","",INDEX('MERCADO RURAL'!$H:$H,B14)) | E14: =IF(C14="",0,IF(OR(COMBINACIONES!$B$6="NO",$J$3<=COMBINACIONES!$B$5),1,IF(AND(D14>=COMBINACIONES!$B$3,D14<=COMBINACIONES!$B$4),1,0))) -> 0 | F14: =IF(E14=1,SUM(E$5:E14),"") | G14: =IF(E14=1,D14+A14*0.000000001,"") | H14: 10 | I14: =IFERROR(INDEX($C$5:$C$34,MATCH(SMALL($G$5:$G$34,H14),$G$5:$G$34,0)),"") | J14: =IFERROR(INDEX($D$5:$D$34,MATCH(SMALL($G$5:$G$34,H14),$G$5:$G$34,0)),"") | L14: 1 | M14: 12 | N14: =IF(L14+M14-1<=$J$2,1,0) -> 0 | O14: =IF(N14=1,_xlfn.STDEV.S(INDEX($J$5:$J$34,L14):INDEX($J$5:$J$34,L14+M14-1))/AVERAGE(INDEX($J$5:$J$34,L14):INDEX($J$5:$J$34,L14+M14-1)),"") | P14: =IF(N14=1,IF(O14<=COMBINACIONES!$B$5,1,0),"") | Q14: =IF(N14=1,IF(P14=1,-M14,100)+O14+ROW()*0.000000000001,"")
A15: 11 | B15: =8+A15 -> 19 | C15: =IF(B15<=$C$3,IF(ISNUMBER(INDEX('MERCADO RURAL'!$H:$H,B15)),IF(ISNUMBER(INDEX('MERCADO RURAL'!$A:$A,B15)),INDEX('MERCADO RURAL'!$A:$A,B15),B15-8),""),"") | D15: =IF(C15="","",INDEX('MERCADO RURAL'!$H:$H,B15)) | E15: =IF(C15="",0,IF(OR(COMBINACIONES!$B$6="NO",$J$3<=COMBINACIONES!$B$5),1,IF(AND(D15>=COMBINACIONES!$B$3,D15<=COMBINACIONES!$B$4),1,0))) -> 0 | F15: =IF(E15=1,SUM(E$5:E15),"") | G15: =IF(E15=1,D15+A15*0.000000001,"") | H15: 11 | I15: =IFERROR(INDEX($C$5:$C$34,MATCH(SMALL($G$5:$G$34,H15),$G$5:$G$34,0)),"") | J15: =IFERROR(INDEX($D$5:$D$34,MATCH(SMALL($G$5:$G$34,H15),$G$5:$G$34,0)),"") | L15: 1 | M15: 13 | N15: =IF(L15+M15-1<=$J$2,1,0) -> 0 | O15: =IF(N15=1,_xlfn.STDEV.S(INDEX($J$5:$J$34,L15):INDEX($J$5:$J$34,L15+M15-1))/AVERAGE(INDEX($J$5:$J$34,L15):INDEX($J$5:$J$34,L15+M15-1)),"") | P15: =IF(N15=1,IF(O15<=COMBINACIONES!$B$5,1,0),"") | Q15: =IF(N15=1,IF(P15=1,-M15,100)+O15+ROW()*0.000000000001,"")
A16: 12 | B16: =8+A16 -> 20 | C16: =IF(B16<=$C$3,IF(ISNUMBER(INDEX('MERCADO RURAL'!$H:$H,B16)),IF(ISNUMBER(INDEX('MERCADO RURAL'!$A:$A,B16)),INDEX('MERCADO RURAL'!$A:$A,B16),B16-8),""),"") | D16: =IF(C16="","",INDEX('MERCADO RURAL'!$H:$H,B16)) | E16: =IF(C16="",0,IF(OR(COMBINACIONES!$B$6="NO",$J$3<=COMBINACIONES!$B$5),1,IF(AND(D16>=COMBINACIONES!$B$3,D16<=COMBINACIONES!$B$4),1,0))) -> 0 | F16: =IF(E16=1,SUM(E$5:E16),"") | G16: =IF(E16=1,D16+A16*0.000000001,"") | H16: 12 | I16: =IFERROR(INDEX($C$5:$C$34,MATCH(SMALL($G$5:$G$34,H16),$G$5:$G$34,0)),"") | J16: =IFERROR(INDEX($D$5:$D$34,MATCH(SMALL($G$5:$G$34,H16),$G$5:$G$34,0)),"") | L16: 1 | M16: 14 | N16: =IF(L16+M16-1<=$J$2,1,0) -> 0 | O16: =IF(N16=1,_xlfn.STDEV.S(INDEX($J$5:$J$34,L16):INDEX($J$5:$J$34,L16+M16-1))/AVERAGE(INDEX($J$5:$J$34,L16):INDEX($J$5:$J$34,L16+M16-1)),"") | P16: =IF(N16=1,IF(O16<=COMBINACIONES!$B$5,1,0),"") | Q16: =IF(N16=1,IF(P16=1,-M16,100)+O16+ROW()*0.000000000001,"")
... A34: 30 | B34: =8+A34 -> 38 | C34: =IF(B34<=$C$3,IF(ISNUMBER(INDEX('MERCADO RURAL'!$H:$H,B34)),IF(ISNUMBER(INDEX('MERCADO RURAL'!$A:$A,B34)),INDEX('MERCADO RURAL'!$A:$A,B34),B34-8),""),"") | D34: =IF(C34="","",INDEX('MERCADO RURAL'!$H:$H,B34)) | E34: =IF(C34="",0,IF(OR(COMBINACIONES!$B$6="NO",$J$3<=COMBINACIONES!$B$5),1,IF(AND(D34>=COMBINACIONES!$B$3,D34<=COMBINACIONES!$B$4),1,0))) -> 0 | F34: =IF(E34=1,SUM(E$5:E34),"") | G34: =IF(E34=1,D34+A34*0.000000001,"") | H34: 30 | I34: =IFERROR(INDEX($C$5:$C$34,MATCH(SMALL($G$5:$G$34,H34),$G$5:$G$34,0)),"") | J34: =IFERROR(INDEX($D$5:$D$34,MATCH(SMALL($G$5:$G$34,H34),$G$5:$G$34,0)),"") | L34: 2 | M34: 4 | N34: =IF(L34+M34-1<=$J$2,1,0) -> 1 | O34: =IF(N34=1,_xlfn.STDEV.S(INDEX($J$5:$J$34,L34):INDEX($J$5:$J$34,L34+M34-1))/AVERAGE(INDEX($J$5:$J$34,L34):INDEX($J$5:$J$34,L34+M34-1)),"") -> 0.68197712 | P34: =IF(N34=1,IF(O34<=COMBINACIONES!$B$5,1,0),"") -> 0 | Q34: =IF(N34=1,IF(P34=1,-M34,100)+O34+ROW()*0.000000000001,"") -> 100.68198
L35: 2 | M35: 5 | N35: =IF(L35+M35-1<=$J$2,1,0) -> 1 | O35: =IF(N35=1,_xlfn.STDEV.S(INDEX($J$5:$J$34,L35):INDEX($J$5:$J$34,L35+M35-1))/AVERAGE(INDEX($J$5:$J$34,L35):INDEX($J$5:$J$34,L35+M35-1)),"") -> 0.59505908 | P35: =IF(N35=1,IF(O35<=COMBINACIONES!$B$5,1,0),"") -> 0 | Q35: =IF(N35=1,IF(P35=1,-M35,100)+O35+ROW()*0.000000000001,"") -> 100.59506
L36: 2 | M36: 6 | N36: =IF(L36+M36-1<=$J$2,1,0) -> 0 | O36: =IF(N36=1,_xlfn.STDEV.S(INDEX($J$5:$J$34,L36):INDEX($J$5:$J$34,L36+M36-1))/AVERAGE(INDEX($J$5:$J$34,L36):INDEX($J$5:$J$34,L36+M36-1)),"") | P36: =IF(N36=1,IF(O36<=COMBINACIONES!$B$5,1,0),"") | Q36: =IF(N36=1,IF(P36=1,-M36,100)+O36+ROW()*0.000000000001,"")
L37: 2 | M37: 7 | N37: =IF(L37+M37-1<=$J$2,1,0) -> 0 | O37: =IF(N37=1,_xlfn.STDEV.S(INDEX($J$5:$J$34,L37):INDEX($J$5:$J$34,L37+M37-1))/AVERAGE(INDEX($J$5:$J$34,L37):INDEX($J$5:$J$34,L37+M37-1)),"") | P37: =IF(N37=1,IF(O37<=COMBINACIONES!$B$5,1,0),"") | Q37: =IF(N37=1,IF(P37=1,-M37,100)+O37+ROW()*0.000000000001,"")
L38: 2 | M38: 8 | N38: =IF(L38+M38-1<=$J$2,1,0) -> 0 | O38: =IF(N38=1,_xlfn.STDEV.S(INDEX($J$5:$J$34,L38):INDEX($J$5:$J$34,L38+M38-1))/AVERAGE(INDEX($J$5:$J$34,L38):INDEX($J$5:$J$34,L38+M38-1)),"") | P38: =IF(N38=1,IF(O38<=COMBINACIONES!$B$5,1,0),"") | Q38: =IF(N38=1,IF(P38=1,-M38,100)+O38+ROW()*0.000000000001,"")
L39: 2 | M39: 9 | N39: =IF(L39+M39-1<=$J$2,1,0) -> 0 | O39: =IF(N39=1,_xlfn.STDEV.S(INDEX($J$5:$J$34,L39):INDEX($J$5:$J$34,L39+M39-1))/AVERAGE(INDEX($J$5:$J$34,L39):INDEX($J$5:$J$34,L39+M39-1)),"") | P39: =IF(N39=1,IF(O39<=COMBINACIONES!$B$5,1,0),"") | Q39: =IF(N39=1,IF(P39=1,-M39,100)+O39+ROW()*0.000000000001,"")
L40: 2 | M40: 10 | N40: =IF(L40+M40-1<=$J$2,1,0) -> 0 | O40: =IF(N40=1,_xlfn.STDEV.S(INDEX($J$5:$J$34,L40):INDEX($J$5:$J$34,L40+M40-1))/AVERAGE(INDEX($J$5:$J$34,L40):INDEX($J$5:$J$34,L40+M40-1)),"") | P40: =IF(N40=1,IF(O40<=COMBINACIONES!$B$5,1,0),"") | Q40: =IF(N40=1,IF(P40=1,-M40,100)+O40+ROW()*0.000000000001,"")
L41: 2 | M41: 11 | N41: =IF(L41+M41-1<=$J$2,1,0) -> 0 | O41: =IF(N41=1,_xlfn.STDEV.S(INDEX($J$5:$J$34,L41):INDEX($J$5:$J$34,L41+M41-1))/AVERAGE(INDEX($J$5:$J$34,L41):INDEX($J$5:$J$34,L41+M41-1)),"") | P41: =IF(N41=1,IF(O41<=COMBINACIONES!$B$5,1,0),"") | Q41: =IF(N41=1,IF(P41=1,-M41,100)+O41+ROW()*0.000000000001,"")
L42: 2 | M42: 12 | N42: =IF(L42+M42-1<=$J$2,1,0) -> 0 | O42: =IF(N42=1,_xlfn.STDEV.S(INDEX($J$5:$J$34,L42):INDEX($J$5:$J$34,L42+M42-1))/AVERAGE(INDEX($J$5:$J$34,L42):INDEX($J$5:$J$34,L42+M42-1)),"") | P42: =IF(N42=1,IF(O42<=COMBINACIONES!$B$5,1,0),"") | Q42: =IF(N42=1,IF(P42=1,-M42,100)+O42+ROW()*0.000000000001,"")
L43: 2 | M43: 13 | N43: =IF(L43+M43-1<=$J$2,1,0) -> 0 | O43: =IF(N43=1,_xlfn.STDEV.S(INDEX($J$5:$J$34,L43):INDEX($J$5:$J$34,L43+M43-1))/AVERAGE(INDEX($J$5:$J$34,L43):INDEX($J$5:$J$34,L43+M43-1)),"") | P43: =IF(N43=1,IF(O43<=COMBINACIONES!$B$5,1,0),"") | Q43: =IF(N43=1,IF(P43=1,-M43,100)+O43+ROW()*0.000000000001,"")
L44: 2 | M44: 14 | N44: =IF(L44+M44-1<=$J$2,1,0) -> 0 | O44: =IF(N44=1,_xlfn.STDEV.S(INDEX($J$5:$J$34,L44):INDEX($J$5:$J$34,L44+M44-1))/AVERAGE(INDEX($J$5:$J$34,L44):INDEX($J$5:$J$34,L44+M44-1)),"") | P44: =IF(N44=1,IF(O44<=COMBINACIONES!$B$5,1,0),"") | Q44: =IF(N44=1,IF(P44=1,-M44,100)+O44+ROW()*0.000000000001,"")
L45: 2 | M45: 15 | N45: =IF(L45+M45-1<=$J$2,1,0) -> 0 | O45: =IF(N45=1,_xlfn.STDEV.S(INDEX($J$5:$J$34,L45):INDEX($J$5:$J$34,L45+M45-1))/AVERAGE(INDEX($J$5:$J$34,L45):INDEX($J$5:$J$34,L45+M45-1)),"") | P45: =IF(N45=1,IF(O45<=COMBINACIONES!$B$5,1,0),"") | Q45: =IF(N45=1,IF(P45=1,-M45,100)+O45+ROW()*0.000000000001,"")
L46: 2 | M46: 16 | N46: =IF(L46+M46-1<=$J$2,1,0) -> 0 | O46: =IF(N46=1,_xlfn.STDEV.S(INDEX($J$5:$J$34,L46):INDEX($J$5:$J$34,L46+M46-1))/AVERAGE(INDEX($J$5:$J$34,L46):INDEX($J$5:$J$34,L46+M46-1)),"") | P46: =IF(N46=1,IF(O46<=COMBINACIONES!$B$5,1,0),"") | Q46: =IF(N46=1,IF(P46=1,-M46,100)+O46+ROW()*0.000000000001,"")
... L410: 28 | M410: 3 | N410: =IF(L410+M410-1<=$J$2,1,0) -> 0 | O410: =IF(N410=1,_xlfn.STDEV.S(INDEX($J$5:$J$34,L410):INDEX($J$5:$J$34,L410+M410-1))/AVERAGE(INDEX($J$5:$J$34,L410):INDEX($J$5:$J$34,L410+M410-1)),"") | P410: =IF(N410=1,IF(O410<=COMBINACIONES!$B$5,1,0),"") | Q410: =IF(N410=1,IF(P410=1,-M410,100)+O410+ROW()*0.000000000001,"")

Sheet PROYECCIÓN
A1: PROYECCIÓN DEL VALOR ESPERADO – MÉTODO DE MERCADO ($/ha)
A2: Se alimenta de 'MERCADO RURAL' y 'COMBINACIONES'. Rango de orientación entre dos combinaciones de referencia, sin proponer un valor puntual.
A4: Coeficiente de variación máximo admisible (Res. 941, rural) | B4: =COMBINACIONES!B5 -> 0.1 | D4: REFERENCIA BAJA · $/ha | F4: REFERENCIA ALTA · $/ha | H4: AMPLITUD DEL RANGO · $/ha | J4: COEF. DE VARIACIÓN vs MÁXIMO | L4: ESTADO RES. 941
A5: Ofertas en la tabla de mercado | B5: =COMBINACIONES!B8 -> 8 | D5: =D18 -> 525000000 | F5: =D19 -> 630000000 | H5: =D20 -> 105000000 | J5: =MIN(F12:F14) -> 0.18898224 | L5: =IF(B8>0,"CUMPLE","NO CUMPLE") -> NO CUMPLE
A6: Promedio de la muestra general ($/ha) | B6: ='MERCADO RURAL'!H18 -> 449621875
A7: Coeficiente de variación de la muestra general | B7: ='MERCADO RURAL'!H20 -> 0.96930406
A8: Combinaciones evaluadas que cumplen el CV máximo | B8: =COUNTIF(L12:L14,"SÍ") -> 0 | D8: =B18&" · ofertas "&C18 -> Combinación 3 · ofertas 5, 3, 4 | F8: =B19&" · ofertas "&C19 -> Combinación 1 · ofertas 3, 4, 6 | H8: ="Equivale a "&ROUND(F20*100,1)&"% de la referencia baja" -> Equivale a 20% de la referencia baja | J8: ="Máximo admisible: "&ROUND(B4*100,1)&"%" -> Máximo admisible: 10% | L8: =B8&" de 3 combinaciones cumplen" -> 0 de 3 combinaciones cumplen
A10: COMBINACIONES EVALUADAS Y BANDA ADMISIBLE (promedio ± CV máximo) | N10: DATOS DE LOS GRÁFICOS (automático · $ millones por ha)
A11: Combinación | B11: Ofertas utilizadas | C11: Nº de ofertas | D11: Promedio $/ha | E11: Desviación estándar | F11: Coef. de variación | G11: Límite inferior observado (prom. − DE) | H11: Límite superior observado (prom. + DE) | I11: Banda admisible inferior | J11: Banda admisible superior | K11: Ofertas del mercado dentro de la banda | L11: ¿Cumple CV máximo? | N11: Oferta | O11: Base (oculta) | P11: Rango de orientación | Q11: Dentro del rango | R11: Fuera del rango | S11: Valor adoptado actual
A12: =IF(COMBINACIONES!$O13="","",COMBINACIONES!A13) -> Combinación 1 | B12: =IF(COMBINACIONES!$O13="","",COMBINACIONES!C13) -> 3, 4, 6 | C12: =IF(COMBINACIONES!$O13="","",COMBINACIONES!B13) -> 3 | D12: =IF(COMBINACIONES!$O13="","",COMBINACIONES!F13) -> 630000000 | E12: =IF(COMBINACIONES!$O13="","",COMBINACIONES!G13) -> 1.1905881e+08 | F12: =IF(COMBINACIONES!$O13="","",COMBINACIONES!H13) -> 0.18898224 | G12: =IF(COMBINACIONES!$O13="","",COMBINACIONES!I13) -> 5.1094119e+08 | H12: =IF(COMBINACIONES!$O13="","",COMBINACIONES!J13) -> 7.4905881e+08 | I12: =IF(COMBINACIONES!$O13="","",D12*(1-$B$4)) -> 567000000 | J12: =IF(COMBINACIONES!$O13="","",D12*(1+$B$4)) -> 693000000 | K12: =IF(COMBINACIONES!$O13="","",COUNTIFS('MERCADO RURAL'!$H$9:$H$17,">="&I12,'MERCADO RURAL'!$H$9:$H$17,"<="&J12)) -> 1 | L12: =IF(COMBINACIONES!$O13="","",COMBINACIONES!L13) -> NO | N12: =IF(AND(9<=AUX_COMBINACIONES!$C$3,INDEX('MERCADO RURAL'!$A:$A,9)<>""),"OFERTA "&TEXT(INDEX('MERCADO RURAL'!$A:$A,9),"00"),"") -> OFERTA 01 | O12: =IF(OR($D$18="",$D$19=""),NA(),MIN($D$18,$D$19)/1000000) -> 525 | P12: =IF(OR($D$18="",$D$19=""),NA(),ABS($D$19-$D$18)/1000000) -> 105 | Q12: =IF(N12="",NA(),IF(AND(INDEX('MERCADO RURAL'!$H:$H,9)/1000000>=MIN($D$18,$D$19)/1000000,INDEX('MERCADO RURAL'!$H:$H,9)/1000000<=MAX($D$18,$D$19)/1000000),INDEX('MERCADO RURAL'!$H:$H,9)/1000000,NA())) -> #N/A | R12: =IF(N12="",NA(),IF(AND(INDEX('MERCADO RURAL'!$H:$H,9)/1000000>=MIN($D$18,$D$19)/1000000,INDEX('MERCADO RURAL'!$H:$H,9)/1000000<=MAX($D$18,$D$19)/1000000),NA(),INDEX('MERCADO RURAL'!$H:$H,9)/1000000)) -> 23.4 | S12: ='MERCADO RURAL'!$H$24/1000000 -> 449.6219
A13: =IF(COMBINACIONES!$O14="","",COMBINACIONES!A14) -> Combinación 2 | B13: =IF(COMBINACIONES!$O14="","",COMBINACIONES!C14) -> 5, 3, 4, 6 | C13: =IF(COMBINACIONES!$O14="","",COMBINACIONES!B14) -> 4 | D13: =IF(COMBINACIONES!$O14="","",COMBINACIONES!F14) -> 573750000 | E13: =IF(COMBINACIONES!$O14="","",COMBINACIONES!G14) -> 1.4868171e+08 | F13: =IF(COMBINACIONES!$O14="","",COMBINACIONES!H14) -> 0.25914023 | G13: =IF(COMBINACIONES!$O14="","",COMBINACIONES!I14) -> 4.2506829e+08 | H13: =IF(COMBINACIONES!$O14="","",COMBINACIONES!J14) -> 7.2243171e+08 | I13: =IF(COMBINACIONES!$O14="","",D13*(1-$B$4)) -> 516375000 | J13: =IF(COMBINACIONES!$O14="","",D13*(1+$B$4)) -> 631125000 | K13: =IF(COMBINACIONES!$O14="","",COUNTIFS('MERCADO RURAL'!$H$9:$H$17,">="&I13,'MERCADO RURAL'!$H$9:$H$17,"<="&J13)) -> 0 | L13: =IF(COMBINACIONES!$O14="","",COMBINACIONES!L14) -> NO | N13: =IF(AND(10<=AUX_COMBINACIONES!$C$3,INDEX('MERCADO RURAL'!$A:$A,10)<>""),"OFERTA "&TEXT(INDEX('MERCADO RURAL'!$A:$A,10),"00"),"") -> OFERTA 02 | O13: =IF(OR($D$18="",$D$19=""),NA(),MIN($D$18,$D$19)/1000000) -> 525 | P13: =IF(OR($D$18="",$D$19=""),NA(),ABS($D$19-$D$18)/1000000) -> 105 | Q13: =IF(N13="",NA(),IF(AND(INDEX('MERCADO RURAL'!$H:$H,10)/1000000>=MIN($D$18,$D$19)/1000000,INDEX('MERCADO RURAL'!$H:$H,10)/1000000<=MAX($D$18,$D$19)/1000000),INDEX('MERCADO RURAL'!$H:$H,10)/1000000,NA())) -> #N/A | R13: =IF(N13="",NA(),IF(AND(INDEX('MERCADO RURAL'!$H:$H,10)/1000000>=MIN($D$18,$D$19)/1000000,INDEX('MERCADO RURAL'!$H:$H,10)/1000000<=MAX($D$18,$D$19)/1000000),NA(),INDEX('MERCADO RURAL'!$H:$H,10)/1000000)) -> 1250 | S13: ='MERCADO RURAL'!$H$24/1000000 -> 449.6219
A14: =IF(COMBINACIONES!$O15="","",COMBINACIONES!A15) -> Combinación 3 | B14: =IF(COMBINACIONES!$O15="","",COMBINACIONES!C15) -> 5, 3, 4 | C14: =IF(COMBINACIONES!$O15="","",COMBINACIONES!B15) -> 3 | D14: =IF(COMBINACIONES!$O15="","",COMBINACIONES!F15) -> 525000000 | E14: =IF(COMBINACIONES!$O15="","",COMBINACIONES!G15) -> 1.3747727e+08 | F14: =IF(COMBINACIONES!$O15="","",COMBINACIONES!H15) -> 0.26186147 | G14: =IF(COMBINACIONES!$O15="","",COMBINACIONES!I15) -> 3.8752273e+08 | H14: =IF(COMBINACIONES!$O15="","",COMBINACIONES!J15) -> 6.6247727e+08 | I14: =IF(COMBINACIONES!$O15="","",D14*(1-$B$4)) -> 472500000 | J14: =IF(COMBINACIONES!$O15="","",D14*(1+$B$4)) -> 577500000 | K14: =IF(COMBINACIONES!$O15="","",COUNTIFS('MERCADO RURAL'!$H$9:$H$17,">="&I14,'MERCADO RURAL'!$H$9:$H$17,"<="&J14)) -> 1 | L14: =IF(COMBINACIONES!$O15="","",COMBINACIONES!L15) -> NO | N14: =IF(AND(11<=AUX_COMBINACIONES!$C$3,INDEX('MERCADO RURAL'!$A:$A,11)<>""),"OFERTA "&TEXT(INDEX('MERCADO RURAL'!$A:$A,11),"00"),"") -> OFERTA 03 | O14: =IF(OR($D$18="",$D$19=""),NA(),MIN($D$18,$D$19)/1000000) -> 525 | P14: =IF(OR($D$18="",$D$19=""),NA(),ABS($D$19-$D$18)/1000000) -> 105 | Q14: =IF(N14="",NA(),IF(AND(INDEX('MERCADO RURAL'!$H:$H,11)/1000000>=MIN($D$18,$D$19)/1000000,INDEX('MERCADO RURAL'!$H:$H,11)/1000000<=MAX($D$18,$D$19)/1000000),INDEX('MERCADO RURAL'!$H:$H,11)/1000000,NA())) -> #N/A | R14: =IF(N14="",NA(),IF(AND(INDEX('MERCADO RURAL'!$H:$H,11)/1000000>=MIN($D$18,$D$19)/1000000,INDEX('MERCADO RURAL'!$H:$H,11)/1000000<=MAX($D$18,$D$19)/1000000),NA(),INDEX('MERCADO RURAL'!$H:$H,11)/1000000)) -> 495 | S14: ='MERCADO RURAL'!$H$24/1000000 -> 449.6219
N15: =IF(AND(12<=AUX_COMBINACIONES!$C$3,INDEX('MERCADO RURAL'!$A:$A,12)<>""),"OFERTA "&TEXT(INDEX('MERCADO RURAL'!$A:$A,12),"00"),"") -> OFERTA 04 | O15: =IF(OR($D$18="",$D$19=""),NA(),MIN($D$18,$D$19)/1000000) -> 525 | P15: =IF(OR($D$18="",$D$19=""),NA(),ABS($D$19-$D$18)/1000000) -> 105 | Q15: =IF(N15="",NA(),IF(AND(INDEX('MERCADO RURAL'!$H:$H,12)/1000000>=MIN($D$18,$D$19)/1000000,INDEX('MERCADO RURAL'!$H:$H,12)/1000000<=MAX($D$18,$D$19)/1000000),INDEX('MERCADO RURAL'!$H:$H,12)/1000000,NA())) -> #N/A | R15: =IF(N15="",NA(),IF(AND(INDEX('MERCADO RURAL'!$H:$H,12)/1000000>=MIN($D$18,$D$19)/1000000,INDEX('MERCADO RURAL'!$H:$H,12)/1000000<=MAX($D$18,$D$19)/1000000),NA(),INDEX('MERCADO RURAL'!$H:$H,12)/1000000)) -> 675 | S15: ='MERCADO RURAL'!$H$24/1000000 -> 449.6219
A16: COMBINACIONES DE ORIENTACIÓN (extremos bajo y alto; no se propone punto medio) | N16: =IF(AND(13<=AUX_COMBINACIONES!$C$3,INDEX('MERCADO RURAL'!$A:$A,13)<>""),"OFERTA "&TEXT(INDEX('MERCADO RURAL'!$A:$A,13),"00"),"") -> OFERTA 05 | O16: =IF(OR($D$18="",$D$19=""),NA(),MIN($D$18,$D$19)/1000000) -> 525 | P16: =IF(OR($D$18="",$D$19=""),NA(),ABS($D$19-$D$18)/1000000) -> 105 | Q16: =IF(N16="",NA(),IF(AND(INDEX('MERCADO RURAL'!$H:$H,13)/1000000>=MIN($D$18,$D$19)/1000000,INDEX('MERCADO RURAL'!$H:$H,13)/1000000<=MAX($D$18,$D$19)/1000000),INDEX('MERCADO RURAL'!$H:$H,13)/1000000,NA())) -> #N/A | R16: =IF(N16="",NA(),IF(AND(INDEX('MERCADO RURAL'!$H:$H,13)/1000000>=MIN($D$18,$D$19)/1000000,INDEX('MERCADO RURAL'!$H:$H,13)/1000000<=MAX($D$18,$D$19)/1000000),NA(),INDEX('MERCADO RURAL'!$H:$H,13)/1000000)) -> 405 | S16: ='MERCADO RURAL'!$H$24/1000000 -> 449.6219
A17: Referencia | B17: Combinación | C17: Ofertas utilizadas | D17: Promedio $/ha | E17: Valor $/m² | F17: Coef. de variación | G17: ¿Cumple CV máximo? | N17: =IF(AND(14<=AUX_COMBINACIONES!$C$3,INDEX('MERCADO RURAL'!$A:$A,14)<>""),"OFERTA "&TEXT(INDEX('MERCADO RURAL'!$A:$A,14),"00"),"") -> OFERTA 06 | O17: =IF(OR($D$18="",$D$19=""),NA(),MIN($D$18,$D$19)/1000000) -> 525 | P17: =IF(OR($D$18="",$D$19=""),NA(),ABS($D$19-$D$18)/1000000) -> 105 | Q17: =IF(N17="",NA(),IF(AND(INDEX('MERCADO RURAL'!$H:$H,14)/1000000>=MIN($D$18,$D$19)/1000000,INDEX('MERCADO RURAL'!$H:$H,14)/1000000<=MAX($D$18,$D$19)/1000000),INDEX('MERCADO RURAL'!$H:$H,14)/1000000,NA())) -> #N/A | R17: =IF(N17="",NA(),IF(AND(INDEX('MERCADO RURAL'!$H:$H,14)/1000000>=MIN($D$18,$D$19)/1000000,INDEX('MERCADO RURAL'!$H:$H,14)/1000000<=MAX($D$18,$D$19)/1000000),NA(),INDEX('MERCADO RURAL'!$H:$H,14)/1000000)) -> 720 | S17: ='MERCADO RURAL'!$H$24/1000000 -> 449.6219
A18: REFERENCIA BAJA | B18: =IFERROR(INDEX(A12:A14,MATCH(MIN(D12:D14),D12:D14,0)),"") -> Combinación 3 | C18: =IFERROR(INDEX(B12:B14,MATCH(MIN(D12:D14),D12:D14,0)),"") -> 5, 3, 4 | D18: =IFERROR(INDEX(D12:D14,MATCH(MIN(D12:D14),D12:D14,0)),"") -> 525000000 | E18: =IF(D18="","",D18/10000) -> 52500 | F18: =IFERROR(INDEX(F12:F14,MATCH(MIN(D12:D14),D12:D14,0)),"") -> 0.26186147 | G18: =IFERROR(INDEX(L12:L14,MATCH(MIN(D12:D14),D12:D14,0)),"") -> NO | N18: =IF(AND(15<=AUX_COMBINACIONES!$C$3,INDEX('MERCADO RURAL'!$A:$A,15)<>""),"OFERTA "&TEXT(INDEX('MERCADO RURAL'!$A:$A,15),"00"),"") -> OFERTA 07 | O18: =IF(OR($D$18="",$D$19=""),NA(),MIN($D$18,$D$19)/1000000) -> 525 | P18: =IF(OR($D$18="",$D$19=""),NA(),ABS($D$19-$D$18)/1000000) -> 105 | Q18: =IF(N18="",NA(),IF(AND(INDEX('MERCADO RURAL'!$H:$H,15)/1000000>=MIN($D$18,$D$19)/1000000,INDEX('MERCADO RURAL'!$H:$H,15)/1000000<=MAX($D$18,$D$19)/1000000),INDEX('MERCADO RURAL'!$H:$H,15)/1000000,NA())) -> #N/A | R18: =IF(N18="",NA(),IF(AND(INDEX('MERCADO RURAL'!$H:$H,15)/1000000>=MIN($D$18,$D$19)/1000000,INDEX('MERCADO RURAL'!$H:$H,15)/1000000<=MAX($D$18,$D$19)/1000000),NA(),INDEX('MERCADO RURAL'!$H:$H,15)/1000000)) -> 27 | S18: ='MERCADO RURAL'!$H$24/1000000 -> 449.6219
A19: REFERENCIA ALTA | B19: =IFERROR(INDEX(A12:A14,MATCH(MAX(D12:D14),D12:D14,0)),"") -> Combinación 1 | C19: =IFERROR(INDEX(B12:B14,MATCH(MAX(D12:D14),D12:D14,0)),"") -> 3, 4, 6 | D19: =IFERROR(INDEX(D12:D14,MATCH(MAX(D12:D14),D12:D14,0)),"") -> 630000000 | E19: =IF(D19="","",D19/10000) -> 63000 | F19: =IFERROR(INDEX(F12:F14,MATCH(MAX(D12:D14),D12:D14,0)),"") -> 0.18898224 | G19: =IFERROR(INDEX(L12:L14,MATCH(MAX(D12:D14),D12:D14,0)),"") -> NO | N19: =IF(AND(16<=AUX_COMBINACIONES!$C$3,INDEX('MERCADO RURAL'!$A:$A,16)<>""),"OFERTA "&TEXT(INDEX('MERCADO RURAL'!$A:$A,16),"00"),"") -> OFERTA 08 | O19: =IF(OR($D$18="",$D$19=""),NA(),MIN($D$18,$D$19)/1000000) -> 525 | P19: =IF(OR($D$18="",$D$19=""),NA(),ABS($D$19-$D$18)/1000000) -> 105 | Q19: =IF(N19="",NA(),IF(AND(INDEX('MERCADO RURAL'!$H:$H,16)/1000000>=MIN($D$18,$D$19)/1000000,INDEX('MERCADO RURAL'!$H:$H,16)/1000000<=MAX($D$18,$D$19)/1000000),INDEX('MERCADO RURAL'!$H:$H,16)/1000000,NA())) -> #N/A | R19: =IF(N19="",NA(),IF(AND(INDEX('MERCADO RURAL'!$H:$H,16)/1000000>=MIN($D$18,$D$19)/1000000,INDEX('MERCADO RURAL'!$H:$H,16)/1000000<=MAX($D$18,$D$19)/1000000),NA(),INDEX('MERCADO RURAL'!$H:$H,16)/1000000)) -> 1.575 | S19: ='MERCADO RURAL'!$H$24/1000000 -> 449.6219
A20: Amplitud del rango de orientación | D20: =IF(OR(D18="",D19=""),"",D19-D18) -> 105000000 | E20: =IF(D20="","",D20/10000) -> 10500 | F20: =IF(OR(D20="",D18=0),"",D20/D18) -> 0.2 | N20: =IF(AND(17<=AUX_COMBINACIONES!$C$3,INDEX('MERCADO RURAL'!$A:$A,17)<>""),"OFERTA "&TEXT(INDEX('MERCADO RURAL'!$A:$A,17),"00"),"") | O20: =IF(OR($D$18="",$D$19=""),NA(),MIN($D$18,$D$19)/1000000) -> 525 | P20: =IF(OR($D$18="",$D$19=""),NA(),ABS($D$19-$D$18)/1000000) -> 105 | Q20: =IF(N20="",NA(),IF(AND(INDEX('MERCADO RURAL'!$H:$H,17)/1000000>=MIN($D$18,$D$19)/1000000,INDEX('MERCADO RURAL'!$H:$H,17)/1000000<=MAX($D$18,$D$19)/1000000),INDEX('MERCADO RURAL'!$H:$H,17)/1000000,NA())) -> #N/A | R20: =IF(N20="",NA(),IF(AND(INDEX('MERCADO RURAL'!$H:$H,17)/1000000>=MIN($D$18,$D$19)/1000000,INDEX('MERCADO RURAL'!$H:$H,17)/1000000<=MAX($D$18,$D$19)/1000000),NA(),INDEX('MERCADO RURAL'!$H:$H,17)/1000000)) -> #N/A | S20: ='MERCADO RURAL'!$H$24/1000000 -> 449.6219
A21: =IF($B$8>0,"Existen "&$B$8&" combinación(es) con CV ≤ "&ROUND($B$4*100,1)&"%: el rango entre las referencias es utilizable bajo la Res. 941.","Ninguna combinación de 3 o más ofertas alcanza CV ≤ "&ROUND($B$4*100,1)&"% (mejor CV: "&ROUND(MIN(F12:F14)*100,1)&"%). Los valores son solo ORIENTATIVOS y no sustentan un valor adoptado; se requieren más ofertas del mismo segmento, dentro de la banda admisible de la combinación elegida.") -> Ninguna combinación de 3 o más ofertas alcanza CV ≤ 10% (mejor CV: 18,9%). Los valores son solo ORIENTATIVOS y no sustentan un valor adoptado; se requieren más ofertas del mismo segmento, dentro de la banda admisible de la combinación elegida. | N21: =IF(AND(18<=AUX_COMBINACIONES!$C$3,INDEX('MERCADO RURAL'!$A:$A,18)<>""),"OFERTA "&TEXT(INDEX('MERCADO RURAL'!$A:$A,18),"00"),"") | O21: =IF(OR($D$18="",$D$19=""),NA(),MIN($D$18,$D$19)/1000000) -> 525 | P21: =IF(OR($D$18="",$D$19=""),NA(),ABS($D$19-$D$18)/1000000) -> 105 | Q21: =IF(N21="",NA(),IF(AND(INDEX('MERCADO RURAL'!$H:$H,18)/1000000>=MIN($D$18,$D$19)/1000000,INDEX('MERCADO RURAL'!$H:$H,18)/1000000<=MAX($D$18,$D$19)/1000000),INDEX('MERCADO RURAL'!$H:$H,18)/1000000,NA())) -> #N/A | R21: =IF(N21="",NA(),IF(AND(INDEX('MERCADO RURAL'!$H:$H,18)/1000000>=MIN($D$18,$D$19)/1000000,INDEX('MERCADO RURAL'!$H:$H,18)/1000000<=MAX($D$18,$D$19)/1000000),NA(),INDEX('MERCADO RURAL'!$H:$H,18)/1000000)) -> #N/A | S21: ='MERCADO RURAL'!$H$24/1000000 -> 449.6219
N22: =IF(AND(19<=AUX_COMBINACIONES!$C$3,INDEX('MERCADO RURAL'!$A:$A,19)<>""),"OFERTA "&TEXT(INDEX('MERCADO RURAL'!$A:$A,19),"00"),"") | O22: =IF(OR($D$18="",$D$19=""),NA(),MIN($D$18,$D$19)/1000000) -> 525 | P22: =IF(OR($D$18="",$D$19=""),NA(),ABS($D$19-$D$18)/1000000) -> 105 | Q22: =IF(N22="",NA(),IF(AND(INDEX('MERCADO RURAL'!$H:$H,19)/1000000>=MIN($D$18,$D$19)/1000000,INDEX('MERCADO RURAL'!$H:$H,19)/1000000<=MAX($D$18,$D$19)/1000000),INDEX('MERCADO RURAL'!$H:$H,19)/1000000,NA())) -> #N/A | R22: =IF(N22="",NA(),IF(AND(INDEX('MERCADO RURAL'!$H:$H,19)/1000000>=MIN($D$18,$D$19)/1000000,INDEX('MERCADO RURAL'!$H:$H,19)/1000000<=MAX($D$18,$D$19)/1000000),NA(),INDEX('MERCADO RURAL'!$H:$H,19)/1000000)) -> #N/A | S22: ='MERCADO RURAL'!$H$24/1000000 -> 449.6219
N23: =IF(AND(20<=AUX_COMBINACIONES!$C$3,INDEX('MERCADO RURAL'!$A:$A,20)<>""),"OFERTA "&TEXT(INDEX('MERCADO RURAL'!$A:$A,20),"00"),"") | O23: =IF(OR($D$18="",$D$19=""),NA(),MIN($D$18,$D$19)/1000000) -> 525 | P23: =IF(OR($D$18="",$D$19=""),NA(),ABS($D$19-$D$18)/1000000) -> 105 | Q23: =IF(N23="",NA(),IF(AND(INDEX('MERCADO RURAL'!$H:$H,20)/1000000>=MIN($D$18,$D$19)/1000000,INDEX('MERCADO RURAL'!$H:$H,20)/1000000<=MAX($D$18,$D$19)/1000000),INDEX('MERCADO RURAL'!$H:$H,20)/1000000,NA())) -> #N/A | R23: =IF(N23="",NA(),IF(AND(INDEX('MERCADO RURAL'!$H:$H,20)/1000000>=MIN($D$18,$D$19)/1000000,INDEX('MERCADO RURAL'!$H:$H,20)/1000000<=MAX($D$18,$D$19)/1000000),NA(),INDEX('MERCADO RURAL'!$H:$H,20)/1000000)) -> #N/A | S23: ='MERCADO RURAL'!$H$24/1000000 -> 449.6219
N26: Combinación | O26: Coef. de variación | P26: Límite CV máximo
N27: =IF(A12="",NA(),A12) -> Combinación 1 | O27: =IF(F12="",NA(),F12) -> 0.18898224 | P27: =$B$4 -> 0.1
N28: =IF(A13="",NA(),A13) -> Combinación 2 | O28: =IF(F13="",NA(),F13) -> 0.25914023 | P28: =$B$4 -> 0.1
N29: =IF(A14="",NA(),A14) -> Combinación 3 | O29: =IF(F14="",NA(),F14) -> 0.26186147 | P29: =$B$4 -> 0.1

Sheet SIM_MERCADO
D1: ESTUDIO DE MERCADO PREDIOS RURALES – SIMULACIÓN (DATOS FICTICIOS DE PRUEBA) | K1: Fecha estudio de mercado
K2: 2026 | L2: 10 | M2: 1
B3: ENTIDAD O NOMBRE DEL SOLICITANTE | F3: (Por definir) | L3: NIT o C.C.
B4: DIRECCIÓN DEL INMUEBLE | E4: Predio rural, sector Puente Bomba – El Ebanal (corr. Tigreras). Coord. 11.251133, -73.127307
A6: DEPARTAMENTO: | D6: LA GUAJIRA | F6: MUNICIPIO: | H6: RIOHACHA (confirmar con número predial)
A8: No. | B8: UBICACIÓN | C8: COORDENADAS | D8: VALOR PEDIDO | E8: %. NEG. | F8: VALOR DEPURADO | G8: ÁREA DE TERRENO Ha | H8: VALOR TERRENO Ha | I8: VALOR ESTIMADO CONSTRUCCIONES | J8: DESCRIPCIÓN DEL INMUEBLE | K8: NOMBRE FUENTE | L8: TELÉFONO FUENTE | M8: FOTOGRAFIA | N8: ENLACE DE LA OFERTA | O8: FECHA PUBLICACIÓN | P8: COMPARABILIDAD | Q8: ARCHIVO PDF
A9: 1 | B9: SIMULACIÓN – Finca agropecuaria A, vereda interior (dato ficticio) | D9: 537800000 | E9: 0.1 | F9: =D9*(1-E9) -> 484020000 | G9: 20 | H9: =(F9-I9)/G9 -> 24201000 | I9: =SUMIFS(SIM_DEPRECIACIÓN!$P$5:$P$14,SIM_DEPRECIACIÓN!$A$5:$A$14,$A9) -> 0 | J9: Finca agrícola y ganadera, topografía plana, acceso por vía destapada. Sin construcciones. DATO FICTICIO. | K9: Fuente simulada A | L9: Simulado | N9: (enlace simulado) | O9: 46266 | P9: ALTA en uso agropecuario y corredor. Dato ficticio de prueba. | Q9: ="OFERTA "&TEXT(A9,"00") -> OFERTA 01
A10: 2 | B10: SIMULACIÓN – Finca agropecuaria B, vereda interior (dato ficticio) | D10: 1106300000 | E10: 0.1 | F10: =D10*(1-E10) -> 995670000 | G10: 35 | H10: =(F10-I10)/G10 -> 27399714 | I10: =SUMIFS(SIM_DEPRECIACIÓN!$P$5:$P$14,SIM_DEPRECIACIÓN!$A$5:$A$14,$A10) -> 36680000 | J10: Finca ganadera con casa de mayordomo (36 m² aprox.). DATO FICTICIO. | K10: Fuente simulada B | L10: Simulado | N10: (enlace simulado) | O10: 46270 | P10: ALTA en uso agropecuario y corredor. Dato ficticio de prueba. | Q10: ="OFERTA "&TEXT(A10,"00") -> OFERTA 02
A11: 3 | B11: SIMULACIÓN – Finca agropecuaria C, vereda interior (dato ficticio) | D11: 1355100000 | E11: 0.1 | F11: =D11*(1-E11) -> 1219590000 | G11: 48 | H11: =(F11-I11)/G11 -> 25099688 | I11: =SUMIFS(SIM_DEPRECIACIÓN!$P$5:$P$14,SIM_DEPRECIACIÓN!$A$5:$A$14,$A11) -> 14805000 | J11: Finca agrícola con bodega principal. DATO FICTICIO. | K11: Fuente simulada C | L11: Simulado | N11: (enlace simulado) | O11: 46275 | P11: ALTA en uso agropecuario y corredor. Dato ficticio de prueba. | Q11: ="OFERTA "&TEXT(A11,"00") -> OFERTA 03
A12: 4 | B12: SIMULACIÓN – Finca agropecuaria D, vereda interior (dato ficticio) | D12: 1926700000 | E12: 0.1 | F12: =D12*(1-E12) -> 1734030000 | G12: 60 | H12: =(F12-I12)/G12 -> 28900500 | I12: =SUMIFS(SIM_DEPRECIACIÓN!$P$5:$P$14,SIM_DEPRECIACIÓN!$A$5:$A$14,$A12) -> 0 | J12: Finca agropecuaria sin construcciones. DATO FICTICIO. | K12: Fuente simulada D | L12: Simulado | N12: (enlace simulado) | O12: 46280 | P12: ALTA en uso agropecuario y corredor. Dato ficticio de prueba. | Q12: ="OFERTA "&TEXT(A12,"00") -> OFERTA 04
F14: PROMEDIO | H14: =AVERAGE(H9:H13) -> 26400225
F15: DESVIACIÓN ESTÁNDAR | H15: =_xlfn.STDEV.S(H9:H13) -> 2143077.4
F16: COEFICIENTE DE VARIACIÓN | H16: =H15/H14 -> 0.081176481
F17: LÍMITE INFERIOR (Promedio − Desv. Est.) | H17: =H14-H15 -> 24257148
F18: LÍMITE SUPERIOR (Promedio + Desv. Est.) | H18: =H14+H15 -> 28543303
F19: COEFICIENTE DE ASIMETRÍA | H19: =SKEW(H9:H13) -> 0.25684929
F20: VALOR ADOPTADO | H20: =ROUND(H14,-2) -> 26400200
A23: OBSERVACIONES: HOJA DE SIMULACIÓN con datos ficticios para comprobar el funcionamiento del libro (4 ofertas, coeficiente de variación ≈ 8 %). Está conectada solo con las hojas SIM_*; no interfiere con 'MERCADO RURAL' ni con las demás hojas. Puede eliminarse sin afectar el libro.

Sheet SIM_COMBINACIONES
A1: COMBINACIONES DE MERCADO – SIMULACIÓN (DATOS FICTICIOS)
A2: Se recalcula con todas las ofertas de 'MERCADO RURAL'. Muestra mínima de 3 ofertas; usa 4, 5 o más si así se logra el CV máximo. Se muestran hasta 3 combinaciones.
A3: Límite inferior muestra completa ($/ha) | B3: =SIM_MERCADO!H17 -> 24257148
A4: Límite superior muestra completa ($/ha) | B4: =SIM_MERCADO!H18 -> 28543303
A5: Coeficiente de variación máximo admisible (Res. 941, rural) | B5: 0.1
A6: Filtrar ofertas por límites inferior/superior (SÍ/NO) – solo si el CV general supera el máximo | B6: SÍ
A7: Ofertas elegibles para combinar | B7: =SIM_AUX!J2 -> 4
A8: Ofertas en la tabla de mercado | B8: =COUNT(SIM_AUX!D5:D34) -> 4
A9: Mínimo de ofertas por combinación | B9: 3
A10: Combinaciones posibles (3 o más ofertas) | B10: =COUNTIF(SIM_AUX!N5:N410,1) -> 3
A12: Combinación | B12: Nº de ofertas | C12: Ofertas utilizadas (No., de menor a mayor valor) | D12: Valor mínimo $/ha | E12: Valor máximo $/ha | F12: Promedio $/ha | G12: Desviación estándar | H12: Coef. de variación | I12: Límite inferior | J12: Límite superior | K12: Coef. de asimetría | L12: ¿CV ≤ máximo admisible? | M12: Valor adoptado $/ha (promedio redondeado a 100) | N12: Valor $/m² | O12: Posición en AUX
A13: =IF($O13="","—","Combinación 1") -> Combinación 1 | B13: =IF($O13="","",INDEX(SIM_AUX!$M$5:$M$410,$O13)) -> 4 | C13: =IF($O13="","",_xlfn.TEXTJOIN(", ",TRUE,INDEX(SIM_AUX!$I$5:$I$34,INDEX(SIM_AUX!$L$5:$L$410,$O13)):INDEX(SIM_AUX!$I$5:$I$34,INDEX(SIM_AUX!$L$5:$L$410,$O13)+$B13-1))) -> 1, 3, 2, 4 | D13: =IF($O13="","",MIN(INDEX(SIM_AUX!$J$5:$J$34,INDEX(SIM_AUX!$L$5:$L$410,$O13)):INDEX(SIM_AUX!$J$5:$J$34,INDEX(SIM_AUX!$L$5:$L$410,$O13)+$B13-1))) -> 24201000 | E13: =IF($O13="","",MAX(INDEX(SIM_AUX!$J$5:$J$34,INDEX(SIM_AUX!$L$5:$L$410,$O13)):INDEX(SIM_AUX!$J$5:$J$34,INDEX(SIM_AUX!$L$5:$L$410,$O13)+$B13-1))) -> 28900500 | F13: =IF($O13="","",AVERAGE(INDEX(SIM_AUX!$J$5:$J$34,INDEX(SIM_AUX!$L$5:$L$410,$O13)):INDEX(SIM_AUX!$J$5:$J$34,INDEX(SIM_AUX!$L$5:$L$410,$O13)+$B13-1))) -> 26400225 | G13: =IF($O13="","",_xlfn.STDEV.S(INDEX(SIM_AUX!$J$5:$J$34,INDEX(SIM_AUX!$L$5:$L$410,$O13)):INDEX(SIM_AUX!$J$5:$J$34,INDEX(SIM_AUX!$L$5:$L$410,$O13)+$B13-1))) -> 2143077.4 | H13: =IF($O13="","",G13/F13) -> 0.081176481 | I13: =IF($O13="","",F13-G13) -> 24257148 | J13: =IF($O13="","",F13+G13) -> 28543303 | K13: =IF($O13="","",SKEW(INDEX(SIM_AUX!$J$5:$J$34,INDEX(SIM_AUX!$L$5:$L$410,$O13)):INDEX(SIM_AUX!$J$5:$J$34,INDEX(SIM_AUX!$L$5:$L$410,$O13)+$B13-1))) -> 0.25684929 | L13: =IF($O13="","",IF(H13<=$B$5,"SÍ","NO")) -> SÍ | M13: =IF($O13="","",ROUND(F13,-2)) -> 26400200 | N13: =IF($O13="","",M13/10000) -> 2640.02 | O13: =IFERROR(MATCH(SMALL(SIM_AUX!$Q$5:$Q$410,ROWS($A$13:$A13)),SIM_AUX!$Q$5:$Q$410,0),"") -> 2
A14: =IF($O14="","—","Combinación 2") -> Combinación 2 | B14: =IF($O14="","",INDEX(SIM_AUX!$M$5:$M$410,$O14)) -> 3 | C14: =IF($O14="","",_xlfn.TEXTJOIN(", ",TRUE,INDEX(SIM_AUX!$I$5:$I$34,INDEX(SIM_AUX!$L$5:$L$410,$O14)):INDEX(SIM_AUX!$I$5:$I$34,INDEX(SIM_AUX!$L$5:$L$410,$O14)+$B14-1))) -> 1, 3, 2 | D14: =IF($O14="","",MIN(INDEX(SIM_AUX!$J$5:$J$34,INDEX(SIM_AUX!$L$5:$L$410,$O14)):INDEX(SIM_AUX!$J$5:$J$34,INDEX(SIM_AUX!$L$5:$L$410,$O14)+$B14-1))) -> 24201000 | E14: =IF($O14="","",MAX(INDEX(SIM_AUX!$J$5:$J$34,INDEX(SIM_AUX!$L$5:$L$410,$O14)):INDEX(SIM_AUX!$J$5:$J$34,INDEX(SIM_AUX!$L$5:$L$410,$O14)+$B14-1))) -> 27399714 | F14: =IF($O14="","",AVERAGE(INDEX(SIM_AUX!$J$5:$J$34,INDEX(SIM_AUX!$L$5:$L$410,$O14)):INDEX(SIM_AUX!$J$5:$J$34,INDEX(SIM_AUX!$L$5:$L$410,$O14)+$B14-1))) -> 25566801 | G14: =IF($O14="","",_xlfn.STDEV.S(INDEX(SIM_AUX!$J$5:$J$34,INDEX(SIM_AUX!$L$5:$L$410,$O14)):INDEX(SIM_AUX!$J$5:$J$34,INDEX(SIM_AUX!$L$5:$L$410,$O14)+$B14-1))) -> 1649724 | H14: =IF($O14="","",G14/F14) -> 0.064526024 | I14: =IF($O14="","",F14-G14) -> 23917077 | J14: =IF($O14="","",F14+G14) -> 27216525 | K14: =IF($O14="","",SKEW(INDEX(SIM_AUX!$J$5:$J$34,INDEX(SIM_AUX!$L$5:$L$410,$O14)):INDEX(SIM_AUX!$J$5:$J$34,INDEX(SIM_AUX!$L$5:$L$410,$O14)+$B14-1))) -> 1.1720064 | L14: =IF($O14="","",IF(H14<=$B$5,"SÍ","NO")) -> SÍ | M14: =IF($O14="","",ROUND(F14,-2)) -> 25566800 | N14: =IF($O14="","",M14/10000) -> 2556.68 | O14: =IFERROR(MATCH(SMALL(SIM_AUX!$Q$5:$Q$410,ROWS($A$13:$A14)),SIM_AUX!$Q$5:$Q$410,0),"") -> 1
A15: =IF($O15="","—","Combinación 3") -> Combinación 3 | B15: =IF($O15="","",INDEX(SIM_AUX!$M$5:$M$410,$O15)) -> 3 | C15: =IF($O15="","",_xlfn.TEXTJOIN(", ",TRUE,INDEX(SIM_AUX!$I$5:$I$34,INDEX(SIM_AUX!$L$5:$L$410,$O15)):INDEX(SIM_AUX!$I$5:$I$34,INDEX(SIM_AUX!$L$5:$L$410,$O15)+$B15-1))) -> 3, 2, 4 | D15: =IF($O15="","",MIN(INDEX(SIM_AUX!$J$5:$J$34,INDEX(SIM_AUX!$L$5:$L$410,$O15)):INDEX(SIM_AUX!$J$5:$J$34,INDEX(SIM_AUX!$L$5:$L$410,$O15)+$B15-1))) -> 25099688 | E15: =IF($O15="","",MAX(INDEX(SIM_AUX!$J$5:$J$34,INDEX(SIM_AUX!$L$5:$L$410,$O15)):INDEX(SIM_AUX!$J$5:$J$34,INDEX(SIM_AUX!$L$5:$L$410,$O15)+$B15-1))) -> 28900500 | F15: =IF($O15="","",AVERAGE(INDEX(SIM_AUX!$J$5:$J$34,INDEX(SIM_AUX!$L$5:$L$410,$O15)):INDEX(SIM_AUX!$J$5:$J$34,INDEX(SIM_AUX!$L$5:$L$410,$O15)+$B15-1))) -> 27133301 | G15: =IF($O15="","",_xlfn.STDEV.S(INDEX(SIM_AUX!$J$5:$J$34,INDEX(SIM_AUX!$L$5:$L$410,$O15)):INDEX(SIM_AUX!$J$5:$J$34,INDEX(SIM_AUX!$L$5:$L$410,$O15)+$B15-1))) -> 1914360.5 | H15: =IF($O15="","",G15/F15) -> 0.070553912 | I15: =IF($O15="","",F15-G15) -> 25218940 | J15: =IF($O15="","",F15+G15) -> 29047661 | K15: =IF($O15="","",SKEW(INDEX(SIM_AUX!$J$5:$J$34,INDEX(SIM_AUX!$L$5:$L$410,$O15)):INDEX(SIM_AUX!$J$5:$J$34,INDEX(SIM_AUX!$L$5:$L$410,$O15)+$B15-1))) -> -0.61411792 | L15: =IF($O15="","",IF(H15<=$B$5,"SÍ","NO")) -> SÍ | M15: =IF($O15="","",ROUND(F15,-2)) -> 27133300 | N15: =IF($O15="","",M15/10000) -> 2713.33 | O15: =IFERROR(MATCH(SMALL(SIM_AUX!$Q$5:$Q$410,ROWS($A$13:$A15)),SIM_AUX!$Q$5:$Q$410,0),"") -> 29
A17: COMBINACIÓN SELECCIONADA (elija en B18) – BASE PARA EL VALOR POR HECTÁREA Y POR m²
A18: Combinación | B18: Combinación 3
A19: Ofertas utilizadas | B19: =IFERROR(IF(INDEX($O$13:$O$15,MATCH($B$18,$A$13:$A$15,0))="","Muestra insuficiente (mínimo 3 ofertas elegibles)",INDEX($C$13:$C$15,MATCH($B$18,$A$13:$A$15,0))&" ("&INDEX($B$13:$B$15,MATCH($B$18,$A$13:$A$15,0))&" ofertas)"),"Seleccione una combinación") -> 3, 2, 4 (3 ofertas)
A20: Coeficiente de variación | B20: =IFERROR(INDEX($H$13:$H$15,MATCH($B$18,$A$13:$A$15,0)),"") -> 0.070553912
A21: ¿Cumple el CV máximo admisible? | B21: =IFERROR(INDEX($L$13:$L$15,MATCH($B$18,$A$13:$A$15,0)),"") -> SÍ
A22: Valor por hectárea ($/ha) | B22: =IFERROR(INDEX($M$13:$M$15,MATCH($B$18,$A$13:$A$15,0)),"") -> 27133300
A23: Valor por metro cuadrado ($/m²) | B23: =IFERROR(INDEX($N$13:$N$15,MATCH($B$18,$A$13:$A$15,0)),"") -> 2713.33
A25: Notas: (1) La muestra mínima es de 3 ofertas; si con 3 no se logra el CV máximo, la hoja prueba con 4, 5 o más ofertas (grupos de ofertas consecutivas por valor/ha, hoja AUX_COMBINACIONES, capacidad 30 ofertas). (2) Se muestran hasta 3 combinaciones: primero las que cumplen el CV máximo (con más ofertas primero y menor CV) y, si ninguna cumple, las de menor CV. (3) Con el filtro en SÍ solo se combinan ofertas dentro de los límites inferior y superior de la muestra completa, y únicamente cuando el CV de la muestra general supera el máximo admisible (si ya lo cumple, se usan todas las ofertas). (4) Valor $/m² = valor $/ha ÷ 10.000. Se recalcula al agregar o quitar ofertas en 'MERCADO RURAL'.

Sheet SIM_DEPRECIACIÓN
A1: DEPRECIACIÓN DE CONSTRUCCIONES – SIMULACIÓN MÉTODO ROSS – HEIDECKE
A2: Estudio de mercado predios rurales – Puente Bomba / El Ebanal (corr. Tigreras) · Referencia de liquidación: MI 080-8167
A3: CÁLCULO DEL VALOR POR ESTADO DE CONSERVACIÓN SEGÚN ROSS - HEIDECKE
A4: OFERTA No. | B4: ÍTEM | C4: EDAD (años) | D4: VIDA ÚTIL (años) | E4: CALIFICACIÓN ESTADO | F4: VALOR REPOSICIÓN | G4: % (DE VIDA) | H4: FACTOR DEPRECIACIÓN POR EDAD ROSS | I4: E = FACTOR DEPRECIACIÓN POR ESTADO HEIDECKE | J4: K = DEPRECIACIÓN (tabla Ross-Heidecke) | K4: VALOR DEPRECIADO | L4: FD = FACTOR DEPRECIACIÓN | M4: VALOR ACTUAL (VALOR DEPRECIADO) | N4: VALOR ADOPTADO | O4: ÁREA CONSTRUIDA (m²) | P4: VALOR TOTAL CONSTRUCCIÓN (N × O) | Q4: ORDEN EN LIQUIDACIÓN (A vacío = predio objeto) | S4: TABLA HEIDECKE
B5: Casa Principal | C5: 30 | D5: 70 | E5: 2.5 | F5: 1131400 | G5: =IF($B5="","",C5/D5) -> 0.42857143 | H5: =IF($B5="","",1-0.5*(G5+G5^2)) -> 0.69387755 | I5: =IF($B5="","",1-INDEX($T$6:$T$14,MATCH(E5,$S$6:$S$14,0))) -> 0.9191 | J5: =IF($B5="","",1-H5*I5) -> 0.36225714 | K5: =IF($B5="","",F5*J5) -> 409857.73 | L5: =IF($B5="","",I5*H5) -> 0.63774286 | M5: =IF($B5="","",F5*L5) -> 721542.27 | N5: =IF($B5="","",MROUND(M5,1000)) -> 722000 | O5: 97 | P5: =IF($B5="","",MROUND(N5*O5,100)) -> 70034000 | Q5: =IF(AND($B5<>"",$A5=""),COUNTIFS($A$5:$A5,"",$B$5:$B5,"<>"),"") -> 1 | S5: CALIFICACIÓN | T5: % DEPRECIACIÓN
A6: 2 | B6: Casa Mayordomo | C6: 30 | D6: 70 | E6: 3.5 | F6: 1131400 | G6: =IF($B6="","",C6/D6) -> 0.42857143 | H6: =IF($B6="","",1-0.5*(G6+G6^2)) -> 0.69387755 | I6: =IF($B6="","",1-INDEX($T$6:$T$14,MATCH(E6,$S$6:$S$14,0))) -> 0.668 | J6: =IF($B6="","",1-H6*I6) -> 0.5364898 | K6: =IF($B6="","",F6*J6) -> 606984.56 | L6: =IF($B6="","",I6*H6) -> 0.4635102 | M6: =IF($B6="","",F6*L6) -> 524415.44 | N6: =IF($B6="","",MROUND(M6,1000)) -> 524000 | O6: 70 | P6: =IF($B6="","",MROUND(N6*O6,100)) -> 36680000 | Q6: =IF(AND($B6<>"",$A6=""),COUNTIFS($A$5:$A6,"",$B$5:$B6,"<>"),"") | S6: 1 | T6: 0
B7: Casa pequeña | C7: 25 | D7: 70 | E7: 3.5 | F7: 1131400 | G7: =IF($B7="","",C7/D7) -> 0.35714286 | H7: =IF($B7="","",1-0.5*(G7+G7^2)) -> 0.75765306 | I7: =IF($B7="","",1-INDEX($T$6:$T$14,MATCH(E7,$S$6:$S$14,0))) -> 0.668 | J7: =IF($B7="","",1-H7*I7) -> 0.49388776 | K7: =IF($B7="","",F7*J7) -> 558784.61 | L7: =IF($B7="","",I7*H7) -> 0.50611224 | M7: =IF($B7="","",F7*L7) -> 572615.39 | N7: =IF($B7="","",MROUND(M7,1000)) -> 573000 | O7: 53 | P7: =IF($B7="","",MROUND(N7*O7,100)) -> 30369000 | Q7: =IF(AND($B7<>"",$A7=""),COUNTIFS($A$5:$A7,"",$B$5:$B7,"<>"),"") -> 2 | S7: 1.5 | T7: 0.00032
A8: 3 | B8: Bodega principal | C8: 30 | D8: 70 | E8: 4 | F8: 1286778 | G8: =IF($B8="","",C8/D8) -> 0.42857143 | H8: =IF($B8="","",1-0.5*(G8+G8^2)) -> 0.69387755 | I8: =IF($B8="","",1-INDEX($T$6:$T$14,MATCH(E8,$S$6:$S$14,0))) -> 0.474 | J8: =IF($B8="","",1-H8*I8) -> 0.67110204 | K8: =IF($B8="","",F8*J8) -> 863559.34 | L8: =IF($B8="","",I8*H8) -> 0.32889796 | M8: =IF($B8="","",F8*L8) -> 423218.66 | N8: =IF($B8="","",MROUND(M8,1000)) -> 423000 | O8: 35 | P8: =IF($B8="","",MROUND(N8*O8,100)) -> 14805000 | Q8: =IF(AND($B8<>"",$A8=""),COUNTIFS($A$5:$A8,"",$B$5:$B8,"<>"),"") | S8: 2 | T8: 0.0252
B9: Bodega auxiliar | C9: 30 | D9: 50 | E9: 4 | F9: 1286778 | G9: =IF($B9="","",C9/D9) -> 0.6 | H9: =IF($B9="","",1-0.5*(G9+G9^2)) -> 0.52 | I9: =IF($B9="","",1-INDEX($T$6:$T$14,MATCH(E9,$S$6:$S$14,0))) -> 0.474 | J9: =IF($B9="","",1-H9*I9) -> 0.75352 | K9: =IF($B9="","",F9*J9) -> 969612.96 | L9: =IF($B9="","",I9*H9) -> 0.24648 | M9: =IF($B9="","",F9*L9) -> 317165.04 | N9: =IF($B9="","",MROUND(M9,1000)) -> 317000 | O9: 28 | P9: =IF($B9="","",MROUND(N9*O9,100)) -> 8876000 | Q9: =IF(AND($B9<>"",$A9=""),COUNTIFS($A$5:$A9,"",$B$5:$B9,"<>"),"") -> 3 | S9: 2.5 | T9: 0.0809
B10: Cuarto útil | C10: 30 | D10: 70 | E10: 3 | F10: 1231701 | G10: =IF($B10="","",C10/D10) -> 0.42857143 | H10: =IF($B10="","",1-0.5*(G10+G10^2)) -> 0.69387755 | I10: =IF($B10="","",1-INDEX($T$6:$T$14,MATCH(E10,$S$6:$S$14,0))) -> 0.819 | J10: =IF($B10="","",1-H10*I10) -> 0.43171429 | K10: =IF($B10="","",F10*J10) -> 531742.92 | L10: =IF($B10="","",I10*H10) -> 0.56828571 | M10: =IF($B10="","",F10*L10) -> 699958.08 | N10: =IF($B10="","",MROUND(M10,1000)) -> 700000 | O10: 17 | P10: =IF($B10="","",MROUND(N10*O10,100)) -> 11900000 | Q10: =IF(AND($B10<>"",$A10=""),COUNTIFS($A$5:$A10,"",$B$5:$B10,"<>"),"") -> 4 | S10: 3 | T10: 0.181
G11: =IF($B11="","",C11/D11) | H11: =IF($B11="","",1-0.5*(G11+G11^2)) | I11: =IF($B11="","",1-INDEX($T$6:$T$14,MATCH(E11,$S$6:$S$14,0))) | J11: =IF($B11="","",1-H11*I11) | K11: =IF($B11="","",F11*J11) | L11: =IF($B11="","",I11*H11) | M11: =IF($B11="","",F11*L11) | N11: =IF($B11="","",MROUND(M11,1000)) | P11: =IF($B11="","",MROUND(N11*O11,100)) | Q11: =IF(AND($B11<>"",$A11=""),COUNTIFS($A$5:$A11,"",$B$5:$B11,"<>"),"") | S11: 3.5 | T11: 0.332
G12: =IF($B12="","",C12/D12) | H12: =IF($B12="","",1-0.5*(G12+G12^2)) | I12: =IF($B12="","",1-INDEX($T$6:$T$14,MATCH(E12,$S$6:$S$14,0))) | J12: =IF($B12="","",1-H12*I12) | K12: =IF($B12="","",F12*J12) | L12: =IF($B12="","",I12*H12) | M12: =IF($B12="","",F12*L12) | N12: =IF($B12="","",MROUND(M12,1000)) | P12: =IF($B12="","",MROUND(N12*O12,100)) | Q12: =IF(AND($B12<>"",$A12=""),COUNTIFS($A$5:$A12,"",$B$5:$B12,"<>"),"") | S12: 4 | T12: 0.526
G13: =IF($B13="","",C13/D13) | H13: =IF($B13="","",1-0.5*(G13+G13^2)) | I13: =IF($B13="","",1-INDEX($T$6:$T$14,MATCH(E13,$S$6:$S$14,0))) | J13: =IF($B13="","",1-H13*I13) | K13: =IF($B13="","",F13*J13) | L13: =IF($B13="","",I13*H13) | M13: =IF($B13="","",F13*L13) | N13: =IF($B13="","",MROUND(M13,1000)) | P13: =IF($B13="","",MROUND(N13*O13,100)) | Q13: =IF(AND($B13<>"",$A13=""),COUNTIFS($A$5:$A13,"",$B$5:$B13,"<>"),"") | S13: 4.5 | T13: 0.752
G14: =IF($B14="","",C14/D14) | H14: =IF($B14="","",1-0.5*(G14+G14^2)) | I14: =IF($B14="","",1-INDEX($T$6:$T$14,MATCH(E14,$S$6:$S$14,0))) | J14: =IF($B14="","",1-H14*I14) | K14: =IF($B14="","",F14*J14) | L14: =IF($B14="","",I14*H14) | M14: =IF($B14="","",F14*L14) | N14: =IF($B14="","",MROUND(M14,1000)) | P14: =IF($B14="","",MROUND(N14*O14,100)) | Q14: =IF(AND($B14<>"",$A14=""),COUNTIFS($A$5:$A14,"",$B$5:$B14,"<>"),"") | S14: 5 | T14: 1
A15: TOTAL | F15: =SUM(F5:F14) -> 7199457 | K15: =SUM(K5:K14) -> 3940542.1 | M15: =SUM(M5:M14) -> 3258914.9 | N15: =SUM(N5:N14) -> 3259000 | P15: =SUM(P5:P14) -> 172664000
A17: VÍNCULO CON LA TABLA DE MERCADO – VALOR ESTIMADO DE CONSTRUCCIONES POR OFERTA (se actualiza con las ofertas de 'MERCADO RURAL', hasta 20)
A18: No. | B18: UBICACIÓN | F18: Nº CONSTRUC-CIONES | G18: VALOR REPOSICIÓN TOTAL (F × O) | J18: DEPRECIACIÓN (reposición − valor actual) | M18: VALOR ESTIMADO CONSTRUCCIONES
A19: =IF((ROWS($A$19:$A19)+8)>SIM_AUX!$C$3,"",IF(INDEX(SIM_MERCADO!$A:$A,(ROWS($A$19:$A19)+8))="","",INDEX(SIM_MERCADO!$A:$A,(ROWS($A$19:$A19)+8)))) -> 1 | B19: =IF($A19="","",INDEX(SIM_MERCADO!$B:$B,(ROWS($A$19:$A19)+8))) -> SIMULACIÓN – Finca agropecuaria A, vereda interior (dato ficticio) | F19: =IF($A19="","",COUNTIFS($A$5:$A$14,$A19,$B$5:$B$14,"<>")) -> 0 | G19: =IF($A19="","",SUMPRODUCT(($A$5:$A$14=$A19)*$F$5:$F$14*$O$5:$O$14)) -> 0 | J19: =IF($A19="","",G19-M19) -> 0 | M19: =IF($A19="","",SUMIFS($P$5:$P$14,$A$5:$A$14,$A19)) -> 0
A20: =IF((ROWS($A$19:$A20)+8)>SIM_AUX!$C$3,"",IF(INDEX(SIM_MERCADO!$A:$A,(ROWS($A$19:$A20)+8))="","",INDEX(SIM_MERCADO!$A:$A,(ROWS($A$19:$A20)+8)))) -> 2 | B20: =IF($A20="","",INDEX(SIM_MERCADO!$B:$B,(ROWS($A$19:$A20)+8))) -> SIMULACIÓN – Finca agropecuaria B, vereda interior (dato ficticio) | F20: =IF($A20="","",COUNTIFS($A$5:$A$14,$A20,$B$5:$B$14,"<>")) -> 1 | G20: =IF($A20="","",SUMPRODUCT(($A$5:$A$14=$A20)*$F$5:$F$14*$O$5:$O$14)) -> 79198000 | J20: =IF($A20="","",G20-M20) -> 42518000 | M20: =IF($A20="","",SUMIFS($P$5:$P$14,$A$5:$A$14,$A20)) -> 36680000
A21: =IF((ROWS($A$19:$A21)+8)>SIM_AUX!$C$3,"",IF(INDEX(SIM_MERCADO!$A:$A,(ROWS($A$19:$A21)+8))="","",INDEX(SIM_MERCADO!$A:$A,(ROWS($A$19:$A21)+8)))) -> 3 | B21: =IF($A21="","",INDEX(SIM_MERCADO!$B:$B,(ROWS($A$19:$A21)+8))) -> SIMULACIÓN – Finca agropecuaria C, vereda interior (dato ficticio) | F21: =IF($A21="","",COUNTIFS($A$5:$A$14,$A21,$B$5:$B$14,"<>")) -> 1 | G21: =IF($A21="","",SUMPRODUCT(($A$5:$A$14=$A21)*$F$5:$F$14*$O$5:$O$14)) -> 45037230 | J21: =IF($A21="","",G21-M21) -> 30232230 | M21: =IF($A21="","",SUMIFS($P$5:$P$14,$A$5:$A$14,$A21)) -> 14805000
A22: =IF((ROWS($A$19:$A22)+8)>SIM_AUX!$C$3,"",IF(INDEX(SIM_MERCADO!$A:$A,(ROWS($A$19:$A22)+8))="","",INDEX(SIM_MERCADO!$A:$A,(ROWS($A$19:$A22)+8)))) -> 4 | B22: =IF($A22="","",INDEX(SIM_MERCADO!$B:$B,(ROWS($A$19:$A22)+8))) -> SIMULACIÓN – Finca agropecuaria D, vereda interior (dato ficticio) | F22: =IF($A22="","",COUNTIFS($A$5:$A$14,$A22,$B$5:$B$14,"<>")) -> 0 | G22: =IF($A22="","",SUMPRODUCT(($A$5:$A$14=$A22)*$F$5:$F$14*$O$5:$O$14)) -> 0 | J22: =IF($A22="","",G22-M22) -> 0 | M22: =IF($A22="","",SUMIFS($P$5:$P$14,$A$5:$A$14,$A22)) -> 0
A23: =IF((ROWS($A$19:$A23)+8)>SIM_AUX!$C$3,"",IF(INDEX(SIM_MERCADO!$A:$A,(ROWS($A$19:$A23)+8))="","",INDEX(SIM_MERCADO!$A:$A,(ROWS($A$19:$A23)+8)))) | B23: =IF($A23="","",INDEX(SIM_MERCADO!$B:$B,(ROWS($A$19:$A23)+8))) | F23: =IF($A23="","",COUNTIFS($A$5:$A$14,$A23,$B$5:$B$14,"<>")) | G23: =IF($A23="","",SUMPRODUCT(($A$5:$A$14=$A23)*$F$5:$F$14*$O$5:$O$14)) | J23: =IF($A23="","",G23-M23) | M23: =IF($A23="","",SUMIFS($P$5:$P$14,$A$5:$A$14,$A23))
A24: =IF((ROWS($A$19:$A24)+8)>SIM_AUX!$C$3,"",IF(INDEX(SIM_MERCADO!$A:$A,(ROWS($A$19:$A24)+8))="","",INDEX(SIM_MERCADO!$A:$A,(ROWS($A$19:$A24)+8)))) | B24: =IF($A24="","",INDEX(SIM_MERCADO!$B:$B,(ROWS($A$19:$A24)+8))) | F24: =IF($A24="","",COUNTIFS($A$5:$A$14,$A24,$B$5:$B$14,"<>")) | G24: =IF($A24="","",SUMPRODUCT(($A$5:$A$14=$A24)*$F$5:$F$14*$O$5:$O$14)) | J24: =IF($A24="","",G24-M24) | M24: =IF($A24="","",SUMIFS($P$5:$P$14,$A$5:$A$14,$A24))
A25: =IF((ROWS($A$19:$A25)+8)>SIM_AUX!$C$3,"",IF(INDEX(SIM_MERCADO!$A:$A,(ROWS($A$19:$A25)+8))="","",INDEX(SIM_MERCADO!$A:$A,(ROWS($A$19:$A25)+8)))) | B25: =IF($A25="","",INDEX(SIM_MERCADO!$B:$B,(ROWS($A$19:$A25)+8))) | F25: =IF($A25="","",COUNTIFS($A$5:$A$14,$A25,$B$5:$B$14,"<>")) | G25: =IF($A25="","",SUMPRODUCT(($A$5:$A$14=$A25)*$F$5:$F$14*$O$5:$O$14)) | J25: =IF($A25="","",G25-M25) | M25: =IF($A25="","",SUMIFS($P$5:$P$14,$A$5:$A$14,$A25))
A26: =IF((ROWS($A$19:$A26)+8)>SIM_AUX!$C$3,"",IF(INDEX(SIM_MERCADO!$A:$A,(ROWS($A$19:$A26)+8))="","",INDEX(SIM_MERCADO!$A:$A,(ROWS($A$19:$A26)+8)))) | B26: =IF($A26="","",INDEX(SIM_MERCADO!$B:$B,(ROWS($A$19:$A26)+8))) | F26: =IF($A26="","",COUNTIFS($A$5:$A$14,$A26,$B$5:$B$14,"<>")) | G26: =IF($A26="","",SUMPRODUCT(($A$5:$A$14=$A26)*$F$5:$F$14*$O$5:$O$14)) | J26: =IF($A26="","",G26-M26) | M26: =IF($A26="","",SUMIFS($P$5:$P$14,$A$5:$A$14,$A26))
A27: =IF((ROWS($A$19:$A27)+8)>SIM_AUX!$C$3,"",IF(INDEX(SIM_MERCADO!$A:$A,(ROWS($A$19:$A27)+8))="","",INDEX(SIM_MERCADO!$A:$A,(ROWS($A$19:$A27)+8)))) | B27: =IF($A27="","",INDEX(SIM_MERCADO!$B:$B,(ROWS($A$19:$A27)+8))) | F27: =IF($A27="","",COUNTIFS($A$5:$A$14,$A27,$B$5:$B$14,"<>")) | G27: =IF($A27="","",SUMPRODUCT(($A$5:$A$14=$A27)*$F$5:$F$14*$O$5:$O$14)) | J27: =IF($A27="","",G27-M27) | M27: =IF($A27="","",SUMIFS($P$5:$P$14,$A$5:$A$14,$A27))
A28: =IF((ROWS($A$19:$A28)+8)>SIM_AUX!$C$3,"",IF(INDEX(SIM_MERCADO!$A:$A,(ROWS($A$19:$A28)+8))="","",INDEX(SIM_MERCADO!$A:$A,(ROWS($A$19:$A28)+8)))) | B28: =IF($A28="","",INDEX(SIM_MERCADO!$B:$B,(ROWS($A$19:$A28)+8))) | F28: =IF($A28="","",COUNTIFS($A$5:$A$14,$A28,$B$5:$B$14,"<>")) | G28: =IF($A28="","",SUMPRODUCT(($A$5:$A$14=$A28)*$F$5:$F$14*$O$5:$O$14)) | J28: =IF($A28="","",G28-M28) | M28: =IF($A28="","",SUMIFS($P$5:$P$14,$A$5:$A$14,$A28))
A29: =IF((ROWS($A$19:$A29)+8)>SIM_AUX!$C$3,"",IF(INDEX(SIM_MERCADO!$A:$A,(ROWS($A$19:$A29)+8))="","",INDEX(SIM_MERCADO!$A:$A,(ROWS($A$19:$A29)+8)))) | B29: =IF($A29="","",INDEX(SIM_MERCADO!$B:$B,(ROWS($A$19:$A29)+8))) | F29: =IF($A29="","",COUNTIFS($A$5:$A$14,$A29,$B$5:$B$14,"<>")) | G29: =IF($A29="","",SUMPRODUCT(($A$5:$A$14=$A29)*$F$5:$F$14*$O$5:$O$14)) | J29: =IF($A29="","",G29-M29) | M29: =IF($A29="","",SUMIFS($P$5:$P$14,$A$5:$A$14,$A29))
A30: =IF((ROWS($A$19:$A30)+8)>SIM_AUX!$C$3,"",IF(INDEX(SIM_MERCADO!$A:$A,(ROWS($A$19:$A30)+8))="","",INDEX(SIM_MERCADO!$A:$A,(ROWS($A$19:$A30)+8)))) | B30: =IF($A30="","",INDEX(SIM_MERCADO!$B:$B,(ROWS($A$19:$A30)+8))) | F30: =IF($A30="","",COUNTIFS($A$5:$A$14,$A30,$B$5:$B$14,"<>")) | G30: =IF($A30="","",SUMPRODUCT(($A$5:$A$14=$A30)*$F$5:$F$14*$O$5:$O$14)) | J30: =IF($A30="","",G30-M30) | M30: =IF($A30="","",SUMIFS($P$5:$P$14,$A$5:$A$14,$A30))
... A38: =IF((ROWS($A$19:$A38)+8)>SIM_AUX!$C$3,"",IF(INDEX(SIM_MERCADO!$A:$A,(ROWS($A$19:$A38)+8))="","",INDEX(SIM_MERCADO!$A:$A,(ROWS($A$19:$A38)+8)))) | B38: =IF($A38="","",INDEX(SIM_MERCADO!$B:$B,(ROWS($A$19:$A38)+8))) | F38: =IF($A38="","",COUNTIFS($A$5:$A$14,$A38,$B$5:$B$14,"<>")) | G38: =IF($A38="","",SUMPRODUCT(($A$5:$A$14=$A38)*$F$5:$F$14*$O$5:$O$14)) | J38: =IF($A38="","",G38-M38) | M38: =IF($A38="","",SUMIFS($P$5:$P$14,$A$5:$A$14,$A38))
A39: TOTAL ASIGNADO A OFERTAS | F39: =SUM(F19:F38) -> 2 | G39: =SUM(G19:G38) -> 124235230 | J39: =SUM(J19:J38) -> 72750230 | M39: =SUM(M19:M38) -> 51485000
A40: Construcciones del predio objeto (sin oferta asignada) – pasan a la hoja LIQUIDACIÓN | M40: =SUMIFS($P$5:$P$14,$A$5:$A$14,"",$B$5:$B$14,"<>") -> 121179000
A41: Control: total tabla = asignado a ofertas + predio objeto (debe ser 0) | M41: =P15-M39-M40 -> 0
A43: Instrucciones: (1) Digite en la columna A el No. de la oferta de 'MERCADO RURAL' a la que pertenece cada construcción; si la deja vacía, la construcción pertenece al predio objeto y se lista en 'LIQUIDACIÓN' en el orden de la columna Q. (2) Los datos en azul son editables: edad, vida útil, calificación (1 a 5, pasos de 0,5), valor de reposición por m² y área construida (m²). (3) El valor total de cada construcción (columna P = valor adoptado por m² × área) se suma por oferta y alimenta 'MERCADO RURAL' (columna Valor estimado construcciones). (4) Capacidad: 10 construcciones y 20 ofertas.

Sheet SIM_LIQUIDACIÓN
B2: TABLA DE VALORES
B3: TERRENO | H3: CÁLCULO AUXILIAR – VALOR EN LETRAS
B4: DESCRIPCIÓN | C4: UNIDAD | D4: CANTIDAD | E4: VALOR UNITARIO | F4: VALOR TOTAL | H4: CONCEPTO | I4: VALOR | J4: TEXTO | K4: TEXTO (APOCOPADO) | N4: UNIDADES 1–29 | O4: DECENAS 30–90
B5: =SIM_MERCADO!E4 -> Predio rural, sector Puente Bomba – El Ebanal (corr. Tigreras). Coord. 11.251133, -73.127307 | C5: Ha | D5: 12 | E5: =SIM_MERCADO!H20 -> 26400200 | F5: =MROUND(D5*E5,100) -> 316802400 | H5: Valor total (entero) | I5: =ROUND(F22,0) -> 437981400 | N5: UNO | O5: TREINTA
B6: CONSTRUCCIÓN PRINCIPAL | H6: Millones totales | I6: =INT(I5/10^6) -> 437 | N6: DOS | O6: CUARENTA
B7: DESCRIPCIÓN | C7: UNIDAD | D7: CANTIDAD | E7: VALOR UNITARIO | F7: VALOR TOTAL | H7: Bloque miles de millones | I7: =INT(I6/1000) -> 0 | J7: =IF(I7=0,"",IF(I7=100,"CIEN",TRIM(CHOOSE(INT(I7/100)+1,"","CIENTO ","DOSCIENTOS ","TRESCIENTOS ","CUATROCIENTOS ","QUINIENTOS ","SEISCIENTOS ","SETECIENTOS ","OCHOCIENTOS ","NOVECIENTOS ")&IF(MOD(I7,100)=0,"",IF(MOD(I7,100)<30,INDEX($N$5:$N$33,MOD(I7,100)),INDEX($O$5:$O$11,INT(MOD(I7,100)/10)-2)&IF(MOD(I7,10)=0,""," Y "&INDEX($N$5:$N$13,MOD(I7,10)))))))) | K7: =IF(RIGHT(J7,9)="VEINTIUNO",LEFT(J7,LEN(J7)-9)&"VEINTIÚN",IF(RIGHT(J7,3)="UNO",LEFT(J7,LEN(J7)-1),J7)) | N7: TRES | O7: CINCUENTA
B8: =IFERROR(UPPER(INDEX(SIM_DEPRECIACIÓN!$B$5:$B$14,MATCH(1,SIM_DEPRECIACIÓN!$Q$5:$Q$14,0))),"") -> CASA PRINCIPAL | C8: =IF(B8="","","m²") -> m² | D8: =IF(B8="","",INDEX(SIM_DEPRECIACIÓN!$O$5:$O$14,MATCH(1,SIM_DEPRECIACIÓN!$Q$5:$Q$14,0))) -> 97 | E8: =IF(B8="","",INDEX(SIM_DEPRECIACIÓN!$N$5:$N$14,MATCH(1,SIM_DEPRECIACIÓN!$Q$5:$Q$14,0))) -> 722000 | F8: =IF(B8="","",MROUND(D8*E8,100)) -> 70034000 | H8: Bloque millones | I8: =MOD(I6,1000) -> 437 | J8: =IF(I8=0,"",IF(I8=100,"CIEN",TRIM(CHOOSE(INT(I8/100)+1,"","CIENTO ","DOSCIENTOS ","TRESCIENTOS ","CUATROCIENTOS ","QUINIENTOS ","SEISCIENTOS ","SETECIENTOS ","OCHOCIENTOS ","NOVECIENTOS ")&IF(MOD(I8,100)=0,"",IF(MOD(I8,100)<30,INDEX($N$5:$N$33,MOD(I8,100)),INDEX($O$5:$O$11,INT(MOD(I8,100)/10)-2)&IF(MOD(I8,10)=0,""," Y "&INDEX($N$5:$N$13,MOD(I8,10)))))))) -> CUATROCIENTOS TREINTA Y SIETE | K8: =IF(RIGHT(J8,9)="VEINTIUNO",LEFT(J8,LEN(J8)-9)&"VEINTIÚN",IF(RIGHT(J8,3)="UNO",LEFT(J8,LEN(J8)-1),J8)) -> CUATROCIENTOS TREINTA Y SIETE | N8: CUATRO | O8: SESENTA
B9: VALOR TOTAL DE LA CONSTRUCCIÓN PRINCIPAL | F9: =SUM(F8:F8) -> 70034000 | H9: Bloque miles | I9: =INT(MOD(I5,10^6)/1000) -> 981 | J9: =IF(I9=0,"",IF(I9=100,"CIEN",TRIM(CHOOSE(INT(I9/100)+1,"","CIENTO ","DOSCIENTOS ","TRESCIENTOS ","CUATROCIENTOS ","QUINIENTOS ","SEISCIENTOS ","SETECIENTOS ","OCHOCIENTOS ","NOVECIENTOS ")&IF(MOD(I9,100)=0,"",IF(MOD(I9,100)<30,INDEX($N$5:$N$33,MOD(I9,100)),INDEX($O$5:$O$11,INT(MOD(I9,100)/10)-2)&IF(MOD(I9,10)=0,""," Y "&INDEX($N$5:$N$13,MOD(I9,10)))))))) -> NOVECIENTOS OCHENTA Y UNO | K9: =IF(RIGHT(J9,9)="VEINTIUNO",LEFT(J9,LEN(J9)-9)&"VEINTIÚN",IF(RIGHT(J9,3)="UNO",LEFT(J9,LEN(J9)-1),J9)) -> NOVECIENTOS OCHENTA Y UN | N9: CINCO | O9: SETENTA
B10: CONSTRUCCIONES ANEXAS | H10: Bloque unidades | I10: =MOD(I5,1000) -> 400 | J10: =IF(I10=0,"",IF(I10=100,"CIEN",TRIM(CHOOSE(INT(I10/100)+1,"","CIENTO ","DOSCIENTOS ","TRESCIENTOS ","CUATROCIENTOS ","QUINIENTOS ","SEISCIENTOS ","SETECIENTOS ","OCHOCIENTOS ","NOVECIENTOS ")&IF(MOD(I10,100)=0,"",IF(MOD(I10,100)<30,INDEX($N$5:$N$33,MOD(I10,100)),INDEX($O$5:$O$11,INT(MOD(I10,100)/10)-2)&IF(MOD(I10,10)=0,""," Y "&INDEX($N$5:$N$13,MOD(I10,10)))))))) -> CUATROCIENTOS | N10: SEIS | O10: OCHENTA
B11: DESCRIPCIÓN | C11: UNIDAD | D11: CANTIDAD | E11: VALOR UNITARIO | F11: VALOR TOTAL | N11: SIETE | O11: NOVENTA
B12: =IFERROR(UPPER(INDEX(SIM_DEPRECIACIÓN!$B$5:$B$14,MATCH((ROWS($B$12:$B12)+1),SIM_DEPRECIACIÓN!$Q$5:$Q$14,0))),"") -> CASA PEQUEÑA | C12: =IF(B12="","","m²") -> m² | D12: =IF(B12="","",INDEX(SIM_DEPRECIACIÓN!$O$5:$O$14,MATCH((ROWS($B$12:$B12)+1),SIM_DEPRECIACIÓN!$Q$5:$Q$14,0))) -> 53 | E12: =IF(B12="","",INDEX(SIM_DEPRECIACIÓN!$N$5:$N$14,MATCH((ROWS($B$12:$B12)+1),SIM_DEPRECIACIÓN!$Q$5:$Q$14,0))) -> 573000 | F12: =IF(B12="","",MROUND(D12*E12,100)) -> 30369000 | N12: OCHO
B13: =IFERROR(UPPER(INDEX(SIM_DEPRECIACIÓN!$B$5:$B$14,MATCH((ROWS($B$12:$B13)+1),SIM_DEPRECIACIÓN!$Q$5:$Q$14,0))),"") -> BODEGA AUXILIAR | C13: =IF(B13="","","m²") -> m² | D13: =IF(B13="","",INDEX(SIM_DEPRECIACIÓN!$O$5:$O$14,MATCH((ROWS($B$12:$B13)+1),SIM_DEPRECIACIÓN!$Q$5:$Q$14,0))) -> 28 | E13: =IF(B13="","",INDEX(SIM_DEPRECIACIÓN!$N$5:$N$14,MATCH((ROWS($B$12:$B13)+1),SIM_DEPRECIACIÓN!$Q$5:$Q$14,0))) -> 317000 | F13: =IF(B13="","",MROUND(D13*E13,100)) -> 8876000 | N13: NUEVE
B14: =IFERROR(UPPER(INDEX(SIM_DEPRECIACIÓN!$B$5:$B$14,MATCH((ROWS($B$12:$B14)+1),SIM_DEPRECIACIÓN!$Q$5:$Q$14,0))),"") -> CUARTO ÚTIL | C14: =IF(B14="","","m²") -> m² | D14: =IF(B14="","",INDEX(SIM_DEPRECIACIÓN!$O$5:$O$14,MATCH((ROWS($B$12:$B14)+1),SIM_DEPRECIACIÓN!$Q$5:$Q$14,0))) -> 17 | E14: =IF(B14="","",INDEX(SIM_DEPRECIACIÓN!$N$5:$N$14,MATCH((ROWS($B$12:$B14)+1),SIM_DEPRECIACIÓN!$Q$5:$Q$14,0))) -> 700000 | F14: =IF(B14="","",MROUND(D14*E14,100)) -> 11900000 | N14: DIEZ
B15: =IFERROR(UPPER(INDEX(SIM_DEPRECIACIÓN!$B$5:$B$14,MATCH((ROWS($B$12:$B15)+1),SIM_DEPRECIACIÓN!$Q$5:$Q$14,0))),"") | C15: =IF(B15="","","m²") | D15: =IF(B15="","",INDEX(SIM_DEPRECIACIÓN!$O$5:$O$14,MATCH((ROWS($B$12:$B15)+1),SIM_DEPRECIACIÓN!$Q$5:$Q$14,0))) | E15: =IF(B15="","",INDEX(SIM_DEPRECIACIÓN!$N$5:$N$14,MATCH((ROWS($B$12:$B15)+1),SIM_DEPRECIACIÓN!$Q$5:$Q$14,0))) | F15: =IF(B15="","",MROUND(D15*E15,100)) | N15: ONCE
B16: =IFERROR(UPPER(INDEX(SIM_DEPRECIACIÓN!$B$5:$B$14,MATCH((ROWS($B$12:$B16)+1),SIM_DEPRECIACIÓN!$Q$5:$Q$14,0))),"") | C16: =IF(B16="","","m²") | D16: =IF(B16="","",INDEX(SIM_DEPRECIACIÓN!$O$5:$O$14,MATCH((ROWS($B$12:$B16)+1),SIM_DEPRECIACIÓN!$Q$5:$Q$14,0))) | E16: =IF(B16="","",INDEX(SIM_DEPRECIACIÓN!$N$5:$N$14,MATCH((ROWS($B$12:$B16)+1),SIM_DEPRECIACIÓN!$Q$5:$Q$14,0))) | F16: =IF(B16="","",MROUND(D16*E16,100)) | N16: DOCE
B17: =IFERROR(UPPER(INDEX(SIM_DEPRECIACIÓN!$B$5:$B$14,MATCH((ROWS($B$12:$B17)+1),SIM_DEPRECIACIÓN!$Q$5:$Q$14,0))),"") | C17: =IF(B17="","","m²") | D17: =IF(B17="","",INDEX(SIM_DEPRECIACIÓN!$O$5:$O$14,MATCH((ROWS($B$12:$B17)+1),SIM_DEPRECIACIÓN!$Q$5:$Q$14,0))) | E17: =IF(B17="","",INDEX(SIM_DEPRECIACIÓN!$N$5:$N$14,MATCH((ROWS($B$12:$B17)+1),SIM_DEPRECIACIÓN!$Q$5:$Q$14,0))) | F17: =IF(B17="","",MROUND(D17*E17,100)) | N17: TRECE
B18: =IFERROR(UPPER(INDEX(SIM_DEPRECIACIÓN!$B$5:$B$14,MATCH((ROWS($B$12:$B18)+1),SIM_DEPRECIACIÓN!$Q$5:$Q$14,0))),"") | C18: =IF(B18="","","m²") | D18: =IF(B18="","",INDEX(SIM_DEPRECIACIÓN!$O$5:$O$14,MATCH((ROWS($B$12:$B18)+1),SIM_DEPRECIACIÓN!$Q$5:$Q$14,0))) | E18: =IF(B18="","",INDEX(SIM_DEPRECIACIÓN!$N$5:$N$14,MATCH((ROWS($B$12:$B18)+1),SIM_DEPRECIACIÓN!$Q$5:$Q$14,0))) | F18: =IF(B18="","",MROUND(D18*E18,100)) | N18: CATORCE
B19: =IFERROR(UPPER(INDEX(SIM_DEPRECIACIÓN!$B$5:$B$14,MATCH((ROWS($B$12:$B19)+1),SIM_DEPRECIACIÓN!$Q$5:$Q$14,0))),"") | C19: =IF(B19="","","m²") | D19: =IF(B19="","",INDEX(SIM_DEPRECIACIÓN!$O$5:$O$14,MATCH((ROWS($B$12:$B19)+1),SIM_DEPRECIACIÓN!$Q$5:$Q$14,0))) | E19: =IF(B19="","",INDEX(SIM_DEPRECIACIÓN!$N$5:$N$14,MATCH((ROWS($B$12:$B19)+1),SIM_DEPRECIACIÓN!$Q$5:$Q$14,0))) | F19: =IF(B19="","",MROUND(D19*E19,100)) | N19: QUINCE
B20: =IFERROR(UPPER(INDEX(SIM_DEPRECIACIÓN!$B$5:$B$14,MATCH((ROWS($B$12:$B20)+1),SIM_DEPRECIACIÓN!$Q$5:$Q$14,0))),"") | C20: =IF(B20="","","m²") | D20: =IF(B20="","",INDEX(SIM_DEPRECIACIÓN!$O$5:$O$14,MATCH((ROWS($B$12:$B20)+1),SIM_DEPRECIACIÓN!$Q$5:$Q$14,0))) | E20: =IF(B20="","",INDEX(SIM_DEPRECIACIÓN!$N$5:$N$14,MATCH((ROWS($B$12:$B20)+1),SIM_DEPRECIACIÓN!$Q$5:$Q$14,0))) | F20: =IF(B20="","",MROUND(D20*E20,100)) | N20: DIECISÉIS
B21: VALOR TOTAL DE LAS CONSTRUCCIONES ANEXAS | F21: =MROUND(SUM(F12:F20),100) -> 51145000 | N21: DIECISIETE
B22: VALOR TOTAL DEL AVALÚO | F22: =MROUND(F5+F9+F21,100) -> 437981400 | N22: DIECIOCHO
B23: VALOR TOTAL EN LETRAS | C23: =TRIM(IF(I6=0,"",IF(I7=0,"",IF(I7=1,"",K7&" ")&"MIL ")&IF(I8=0,"",K8&" ")&IF(I6=1,"MILLÓN ","MILLONES "))&IF(I9=0,"",IF(I9=1,"",K9&" ")&"MIL ")&J10)&IF(I5=0,"CERO","")&" PESOS MLV" -> CUATROCIENTOS TREINTA Y SIETE MILLONES NOVECIENTOS OCHENTA Y UN MIL CUATROCIENTOS PESOS MLV | N23: DIECINUEVE
N24: VEINTE
N25: VEINTIUNO
N26: VEINTIDÓS
B27: Notas: (1) Terreno: el valor unitario por hectárea se vincula con el valor adoptado de 'MERCADO RURAL'; digite en la celda amarilla la superficie del predio (Ha). (2) Construcciones: se listan automáticamente las construcciones de 'DEPRECIACIÓN' que no tienen oferta asignada (predio objeto), con su área (m²) y valor adoptado por m²; capacidad 10. (3) Los totales se redondean a la centena. (4) El valor en letras se genera por fórmula con el cálculo auxiliar de las columnas H a K. | N27: VEINTITRÉS
N28: VEINTICUATRO
N29: VEINTICINCO
N30: VEINTISÉIS
N31: VEINTISIETE
N32: VEINTIOCHO
N33: VEINTINUEVE

Sheet SIM_PROYECCIÓN
A1: PROYECCIÓN DEL VALOR ESPERADO – SIMULACIÓN (DATOS FICTICIOS)
A2: Se alimenta de 'SIM_MERCADO' y 'SIM_COMBINACIONES' (datos ficticios de prueba). Rango de orientación entre dos combinaciones de referencia, sin proponer un valor puntual.
A4: Coeficiente de variación máximo admisible (Res. 941, rural) | B4: =SIM_COMBINACIONES!B5 -> 0.1 | D4: REFERENCIA BAJA · $/ha | F4: REFERENCIA ALTA · $/ha | H4: AMPLITUD DEL RANGO · $/ha | J4: COEF. DE VARIACIÓN vs MÁXIMO | L4: ESTADO RES. 941
A5: Ofertas en la tabla de mercado | B5: =SIM_COMBINACIONES!B8 -> 4 | D5: =D18 -> 25566801 | F5: =D19 -> 27133301 | H5: =D20 -> 1566500 | J5: =MIN(F12:F14) -> 0.064526024 | L5: =IF(B8>0,"CUMPLE","NO CUMPLE") -> CUMPLE
A6: Promedio de la muestra general ($/ha) | B6: =SIM_MERCADO!H14 -> 26400225
A7: Coeficiente de variación de la muestra general | B7: =SIM_MERCADO!H16 -> 0.081176481
A8: Combinaciones evaluadas que cumplen el CV máximo | B8: =COUNTIF(L12:L14,"SÍ") -> 3 | D8: =B18&" · ofertas "&C18 -> Combinación 2 · ofertas 1, 3, 2 | F8: =B19&" · ofertas "&C19 -> Combinación 3 · ofertas 3, 2, 4 | H8: ="Equivale a "&ROUND(F20*100,1)&"% de la referencia baja" -> Equivale a 6,1% de la referencia baja | J8: ="Máximo admisible: "&ROUND(B4*100,1)&"%" -> Máximo admisible: 10% | L8: =B8&" de 3 combinaciones cumplen" -> 3 de 3 combinaciones cumplen
A10: COMBINACIONES EVALUADAS Y BANDA ADMISIBLE (promedio ± CV máximo) | N10: DATOS DE LOS GRÁFICOS (automático · $ millones por ha)
A11: Combinación | B11: Ofertas utilizadas | C11: Nº de ofertas | D11: Promedio $/ha | E11: Desviación estándar | F11: Coef. de variación | G11: Límite inferior observado (prom. − DE) | H11: Límite superior observado (prom. + DE) | I11: Banda admisible inferior | J11: Banda admisible superior | K11: Ofertas del mercado dentro de la banda | L11: ¿Cumple CV máximo? | N11: Oferta | O11: Base (oculta) | P11: Rango de orientación | Q11: Dentro del rango | R11: Fuera del rango | S11: Valor adoptado actual
A12: =IF(SIM_COMBINACIONES!$O13="","",SIM_COMBINACIONES!A13) -> Combinación 1 | B12: =IF(SIM_COMBINACIONES!$O13="","",SIM_COMBINACIONES!C13) -> 1, 3, 2, 4 | C12: =IF(SIM_COMBINACIONES!$O13="","",SIM_COMBINACIONES!B13) -> 4 | D12: =IF(SIM_COMBINACIONES!$O13="","",SIM_COMBINACIONES!F13) -> 26400225 | E12: =IF(SIM_COMBINACIONES!$O13="","",SIM_COMBINACIONES!G13) -> 2143077.4 | F12: =IF(SIM_COMBINACIONES!$O13="","",SIM_COMBINACIONES!H13) -> 0.081176481 | G12: =IF(SIM_COMBINACIONES!$O13="","",SIM_COMBINACIONES!I13) -> 24257148 | H12: =IF(SIM_COMBINACIONES!$O13="","",SIM_COMBINACIONES!J13) -> 28543303 | I12: =IF(SIM_COMBINACIONES!$O13="","",D12*(1-$B$4)) -> 23760203 | J12: =IF(SIM_COMBINACIONES!$O13="","",D12*(1+$B$4)) -> 29040248 | K12: =IF(SIM_COMBINACIONES!$O13="","",COUNTIFS(SIM_MERCADO!$H$9:$H$13,">="&I12,SIM_MERCADO!$H$9:$H$13,"<="&J12)) -> 4 | L12: =IF(SIM_COMBINACIONES!$O13="","",SIM_COMBINACIONES!L13) -> SÍ | N12: =IF(AND(9<=SIM_AUX!$C$3,INDEX(SIM_MERCADO!$A:$A,9)<>""),"OFERTA "&TEXT(INDEX(SIM_MERCADO!$A:$A,9),"00"),"") -> OFERTA 01 | O12: =IF(OR($D$18="",$D$19=""),NA(),MIN($D$18,$D$19)/1000000) -> 25.566801 | P12: =IF(OR($D$18="",$D$19=""),NA(),ABS($D$19-$D$18)/1000000) -> 1.5665 | Q12: =IF(N12="",NA(),IF(AND(INDEX(SIM_MERCADO!$H:$H,9)/1000000>=MIN($D$18,$D$19)/1000000,INDEX(SIM_MERCADO!$H:$H,9)/1000000<=MAX($D$18,$D$19)/1000000),INDEX(SIM_MERCADO!$H:$H,9)/1000000,NA())) -> #N/A | R12: =IF(N12="",NA(),IF(AND(INDEX(SIM_MERCADO!$H:$H,9)/1000000>=MIN($D$18,$D$19)/1000000,INDEX(SIM_MERCADO!$H:$H,9)/1000000<=MAX($D$18,$D$19)/1000000),NA(),INDEX(SIM_MERCADO!$H:$H,9)/1000000)) -> 24.201 | S12: =SIM_MERCADO!$H$20/1000000 -> 26.4002
A13: =IF(SIM_COMBINACIONES!$O14="","",SIM_COMBINACIONES!A14) -> Combinación 2 | B13: =IF(SIM_COMBINACIONES!$O14="","",SIM_COMBINACIONES!C14) -> 1, 3, 2 | C13: =IF(SIM_COMBINACIONES!$O14="","",SIM_COMBINACIONES!B14) -> 3 | D13: =IF(SIM_COMBINACIONES!$O14="","",SIM_COMBINACIONES!F14) -> 25566801 | E13: =IF(SIM_COMBINACIONES!$O14="","",SIM_COMBINACIONES!G14) -> 1649724 | F13: =IF(SIM_COMBINACIONES!$O14="","",SIM_COMBINACIONES!H14) -> 0.064526024 | G13: =IF(SIM_COMBINACIONES!$O14="","",SIM_COMBINACIONES!I14) -> 23917077 | H13: =IF(SIM_COMBINACIONES!$O14="","",SIM_COMBINACIONES!J14) -> 27216525 | I13: =IF(SIM_COMBINACIONES!$O14="","",D13*(1-$B$4)) -> 23010121 | J13: =IF(SIM_COMBINACIONES!$O14="","",D13*(1+$B$4)) -> 28123481 | K13: =IF(SIM_COMBINACIONES!$O14="","",COUNTIFS(SIM_MERCADO!$H$9:$H$13,">="&I13,SIM_MERCADO!$H$9:$H$13,"<="&J13)) -> 3 | L13: =IF(SIM_COMBINACIONES!$O14="","",SIM_COMBINACIONES!L14) -> SÍ | N13: =IF(AND(10<=SIM_AUX!$C$3,INDEX(SIM_MERCADO!$A:$A,10)<>""),"OFERTA "&TEXT(INDEX(SIM_MERCADO!$A:$A,10),"00"),"") -> OFERTA 02 | O13: =IF(OR($D$18="",$D$19=""),NA(),MIN($D$18,$D$19)/1000000) -> 25.566801 | P13: =IF(OR($D$18="",$D$19=""),NA(),ABS($D$19-$D$18)/1000000) -> 1.5665 | Q13: =IF(N13="",NA(),IF(AND(INDEX(SIM_MERCADO!$H:$H,10)/1000000>=MIN($D$18,$D$19)/1000000,INDEX(SIM_MERCADO!$H:$H,10)/1000000<=MAX($D$18,$D$19)/1000000),INDEX(SIM_MERCADO!$H:$H,10)/1000000,NA())) -> #N/A | R13: =IF(N13="",NA(),IF(AND(INDEX(SIM_MERCADO!$H:$H,10)/1000000>=MIN($D$18,$D$19)/1000000,INDEX(SIM_MERCADO!$H:$H,10)/1000000<=MAX($D$18,$D$19)/1000000),NA(),INDEX(SIM_MERCADO!$H:$H,10)/1000000)) -> 27.399714 | S13: =SIM_MERCADO!$H$20/1000000 -> 26.4002
A14: =IF(SIM_COMBINACIONES!$O15="","",SIM_COMBINACIONES!A15) -> Combinación 3 | B14: =IF(SIM_COMBINACIONES!$O15="","",SIM_COMBINACIONES!C15) -> 3, 2, 4 | C14: =IF(SIM_COMBINACIONES!$O15="","",SIM_COMBINACIONES!B15) -> 3 | D14: =IF(SIM_COMBINACIONES!$O15="","",SIM_COMBINACIONES!F15) -> 27133301 | E14: =IF(SIM_COMBINACIONES!$O15="","",SIM_COMBINACIONES!G15) -> 1914360.5 | F14: =IF(SIM_COMBINACIONES!$O15="","",SIM_COMBINACIONES!H15) -> 0.070553912 | G14: =IF(SIM_COMBINACIONES!$O15="","",SIM_COMBINACIONES!I15) -> 25218940 | H14: =IF(SIM_COMBINACIONES!$O15="","",SIM_COMBINACIONES!J15) -> 29047661 | I14: =IF(SIM_COMBINACIONES!$O15="","",D14*(1-$B$4)) -> 24419971 | J14: =IF(SIM_COMBINACIONES!$O15="","",D14*(1+$B$4)) -> 29846631 | K14: =IF(SIM_COMBINACIONES!$O15="","",COUNTIFS(SIM_MERCADO!$H$9:$H$13,">="&I14,SIM_MERCADO!$H$9:$H$13,"<="&J14)) -> 3 | L14: =IF(SIM_COMBINACIONES!$O15="","",SIM_COMBINACIONES!L15) -> SÍ | N14: =IF(AND(11<=SIM_AUX!$C$3,INDEX(SIM_MERCADO!$A:$A,11)<>""),"OFERTA "&TEXT(INDEX(SIM_MERCADO!$A:$A,11),"00"),"") -> OFERTA 03 | O14: =IF(OR($D$18="",$D$19=""),NA(),MIN($D$18,$D$19)/1000000) -> 25.566801 | P14: =IF(OR($D$18="",$D$19=""),NA(),ABS($D$19-$D$18)/1000000) -> 1.5665 | Q14: =IF(N14="",NA(),IF(AND(INDEX(SIM_MERCADO!$H:$H,11)/1000000>=MIN($D$18,$D$19)/1000000,INDEX(SIM_MERCADO!$H:$H,11)/1000000<=MAX($D$18,$D$19)/1000000),INDEX(SIM_MERCADO!$H:$H,11)/1000000,NA())) -> #N/A | R14: =IF(N14="",NA(),IF(AND(INDEX(SIM_MERCADO!$H:$H,11)/1000000>=MIN($D$18,$D$19)/1000000,INDEX(SIM_MERCADO!$H:$H,11)/1000000<=MAX($D$18,$D$19)/1000000),NA(),INDEX(SIM_MERCADO!$H:$H,11)/1000000)) -> 25.099688 | S14: =SIM_MERCADO!$H$20/1000000 -> 26.4002
N15: =IF(AND(12<=SIM_AUX!$C$3,INDEX(SIM_MERCADO!$A:$A,12)<>""),"OFERTA "&TEXT(INDEX(SIM_MERCADO!$A:$A,12),"00"),"") -> OFERTA 04 | O15: =IF(OR($D$18="",$D$19=""),NA(),MIN($D$18,$D$19)/1000000) -> 25.566801 | P15: =IF(OR($D$18="",$D$19=""),NA(),ABS($D$19-$D$18)/1000000) -> 1.5665 | Q15: =IF(N15="",NA(),IF(AND(INDEX(SIM_MERCADO!$H:$H,12)/1000000>=MIN($D$18,$D$19)/1000000,INDEX(SIM_MERCADO!$H:$H,12)/1000000<=MAX($D$18,$D$19)/1000000),INDEX(SIM_MERCADO!$H:$H,12)/1000000,NA())) -> #N/A | R15: =IF(N15="",NA(),IF(AND(INDEX(SIM_MERCADO!$H:$H,12)/1000000>=MIN($D$18,$D$19)/1000000,INDEX(SIM_MERCADO!$H:$H,12)/1000000<=MAX($D$18,$D$19)/1000000),NA(),INDEX(SIM_MERCADO!$H:$H,12)/1000000)) -> 28.9005 | S15: =SIM_MERCADO!$H$20/1000000 -> 26.4002
A16: COMBINACIONES DE ORIENTACIÓN (extremos bajo y alto; no se propone punto medio) | N16: =IF(AND(13<=SIM_AUX!$C$3,INDEX(SIM_MERCADO!$A:$A,13)<>""),"OFERTA "&TEXT(INDEX(SIM_MERCADO!$A:$A,13),"00"),"") | O16: =IF(OR($D$18="",$D$19=""),NA(),MIN($D$18,$D$19)/1000000) -> 25.566801 | P16: =IF(OR($D$18="",$D$19=""),NA(),ABS($D$19-$D$18)/1000000) -> 1.5665 | Q16: =IF(N16="",NA(),IF(AND(INDEX(SIM_MERCADO!$H:$H,13)/1000000>=MIN($D$18,$D$19)/1000000,INDEX(SIM_MERCADO!$H:$H,13)/1000000<=MAX($D$18,$D$19)/1000000),INDEX(SIM_MERCADO!$H:$H,13)/1000000,NA())) -> #N/A | R16: =IF(N16="",NA(),IF(AND(INDEX(SIM_MERCADO!$H:$H,13)/1000000>=MIN($D$18,$D$19)/1000000,INDEX(SIM_MERCADO!$H:$H,13)/1000000<=MAX($D$18,$D$19)/1000000),NA(),INDEX(SIM_MERCADO!$H:$H,13)/1000000)) -> #N/A | S16: =SIM_MERCADO!$H$20/1000000 -> 26.4002
A17: Referencia | B17: Combinación | C17: Ofertas utilizadas | D17: Promedio $/ha | E17: Valor $/m² | F17: Coef. de variación | G17: ¿Cumple CV máximo? | N17: =IF(AND(14<=SIM_AUX!$C$3,INDEX(SIM_MERCADO!$A:$A,14)<>""),"OFERTA "&TEXT(INDEX(SIM_MERCADO!$A:$A,14),"00"),"") | O17: =IF(OR($D$18="",$D$19=""),NA(),MIN($D$18,$D$19)/1000000) -> 25.566801 | P17: =IF(OR($D$18="",$D$19=""),NA(),ABS($D$19-$D$18)/1000000) -> 1.5665 | Q17: =IF(N17="",NA(),IF(AND(INDEX(SIM_MERCADO!$H:$H,14)/1000000>=MIN($D$18,$D$19)/1000000,INDEX(SIM_MERCADO!$H:$H,14)/1000000<=MAX($D$18,$D$19)/1000000),INDEX(SIM_MERCADO!$H:$H,14)/1000000,NA())) -> #N/A | R17: =IF(N17="",NA(),IF(AND(INDEX(SIM_MERCADO!$H:$H,14)/1000000>=MIN($D$18,$D$19)/1000000,INDEX(SIM_MERCADO!$H:$H,14)/1000000<=MAX($D$18,$D$19)/1000000),NA(),INDEX(SIM_MERCADO!$H:$H,14)/1000000)) -> #N/A | S17: =SIM_MERCADO!$H$20/1000000 -> 26.4002
A18: REFERENCIA BAJA | B18: =IFERROR(INDEX(A12:A14,MATCH(MIN(D12:D14),D12:D14,0)),"") -> Combinación 2 | C18: =IFERROR(INDEX(B12:B14,MATCH(MIN(D12:D14),D12:D14,0)),"") -> 1, 3, 2 | D18: =IFERROR(INDEX(D12:D14,MATCH(MIN(D12:D14),D12:D14,0)),"") -> 25566801 | E18: =IF(D18="","",D18/10000) -> 2556.6801 | F18: =IFERROR(INDEX(F12:F14,MATCH(MIN(D12:D14),D12:D14,0)),"") -> 0.064526024 | G18: =IFERROR(INDEX(L12:L14,MATCH(MIN(D12:D14),D12:D14,0)),"") -> SÍ | N18: =IF(AND(15<=SIM_AUX!$C$3,INDEX(SIM_MERCADO!$A:$A,15)<>""),"OFERTA "&TEXT(INDEX(SIM_MERCADO!$A:$A,15),"00"),"") | O18: =IF(OR($D$18="",$D$19=""),NA(),MIN($D$18,$D$19)/1000000) -> 25.566801 | P18: =IF(OR($D$18="",$D$19=""),NA(),ABS($D$19-$D$18)/1000000) -> 1.5665 | Q18: =IF(N18="",NA(),IF(AND(INDEX(SIM_MERCADO!$H:$H,15)/1000000>=MIN($D$18,$D$19)/1000000,INDEX(SIM_MERCADO!$H:$H,15)/1000000<=MAX($D$18,$D$19)/1000000),INDEX(SIM_MERCADO!$H:$H,15)/1000000,NA())) -> #N/A | R18: =IF(N18="",NA(),IF(AND(INDEX(SIM_MERCADO!$H:$H,15)/1000000>=MIN($D$18,$D$19)/1000000,INDEX(SIM_MERCADO!$H:$H,15)/1000000<=MAX($D$18,$D$19)/1000000),NA(),INDEX(SIM_MERCADO!$H:$H,15)/1000000)) -> #N/A | S18: =SIM_MERCADO!$H$20/1000000 -> 26.4002
A19: REFERENCIA ALTA | B19: =IFERROR(INDEX(A12:A14,MATCH(MAX(D12:D14),D12:D14,0)),"") -> Combinación 3 | C19: =IFERROR(INDEX(B12:B14,MATCH(MAX(D12:D14),D12:D14,0)),"") -> 3, 2, 4 | D19: =IFERROR(INDEX(D12:D14,MATCH(MAX(D12:D14),D12:D14,0)),"") -> 27133301 | E19: =IF(D19="","",D19/10000) -> 2713.3301 | F19: =IFERROR(INDEX(F12:F14,MATCH(MAX(D12:D14),D12:D14,0)),"") -> 0.070553912 | G19: =IFERROR(INDEX(L12:L14,MATCH(MAX(D12:D14),D12:D14,0)),"") -> SÍ | N19: =IF(AND(16<=SIM_AUX!$C$3,INDEX(SIM_MERCADO!$A:$A,16)<>""),"OFERTA "&TEXT(INDEX(SIM_MERCADO!$A:$A,16),"00"),"") | O19: =IF(OR($D$18="",$D$19=""),NA(),MIN($D$18,$D$19)/1000000) -> 25.566801 | P19: =IF(OR($D$18="",$D$19=""),NA(),ABS($D$19-$D$18)/1000000) -> 1.5665 | Q19: =IF(N19="",NA(),IF(AND(INDEX(SIM_MERCADO!$H:$H,16)/1000000>=MIN($D$18,$D$19)/1000000,INDEX(SIM_MERCADO!$H:$H,16)/1000000<=MAX($D$18,$D$19)/1000000),INDEX(SIM_MERCADO!$H:$H,16)/1000000,NA())) -> #N/A | R19: =IF(N19="",NA(),IF(AND(INDEX(SIM_MERCADO!$H:$H,16)/1000000>=MIN($D$18,$D$19)/1000000,INDEX(SIM_MERCADO!$H:$H,16)/1000000<=MAX($D$18,$D$19)/1000000),NA(),INDEX(SIM_MERCADO!$H:$H,16)/1000000)) -> #N/A | S19: =SIM_MERCADO!$H$20/1000000 -> 26.4002
A20: Amplitud del rango de orientación | D20: =IF(OR(D18="",D19=""),"",D19-D18) -> 1566500 | E20: =IF(D20="","",D20/10000) -> 156.65 | F20: =IF(OR(D20="",D18=0),"",D20/D18) -> 0.061270865 | N20: =IF(AND(17<=SIM_AUX!$C$3,INDEX(SIM_MERCADO!$A:$A,17)<>""),"OFERTA "&TEXT(INDEX(SIM_MERCADO!$A:$A,17),"00"),"") | O20: =IF(OR($D$18="",$D$19=""),NA(),MIN($D$18,$D$19)/1000000) -> 25.566801 | P20: =IF(OR($D$18="",$D$19=""),NA(),ABS($D$19-$D$18)/1000000) -> 1.5665 | Q20: =IF(N20="",NA(),IF(AND(INDEX(SIM_MERCADO!$H:$H,17)/1000000>=MIN($D$18,$D$19)/1000000,INDEX(SIM_MERCADO!$H:$H,17)/1000000<=MAX($D$18,$D$19)/1000000),INDEX(SIM_MERCADO!$H:$H,17)/1000000,NA())) -> #N/A | R20: =IF(N20="",NA(),IF(AND(INDEX(SIM_MERCADO!$H:$H,17)/1000000>=MIN($D$18,$D$19)/1000000,INDEX(SIM_MERCADO!$H:$H,17)/1000000<=MAX($D$18,$D$19)/1000000),NA(),INDEX(SIM_MERCADO!$H:$H,17)/1000000)) -> #N/A | S20: =SIM_MERCADO!$H$20/1000000 -> 26.4002
A21: =IF($B$8>0,"Existen "&$B$8&" combinación(es) con CV ≤ "&ROUND($B$4*100,1)&"%: el rango entre las referencias es utilizable bajo la Res. 941.","Ninguna combinación de 3 o más ofertas alcanza CV ≤ "&ROUND($B$4*100,1)&"% (mejor CV: "&ROUND(MIN(F12:F14)*100,1)&"%). Los valores son solo ORIENTATIVOS y no sustentan un valor adoptado; se requieren más ofertas del mismo segmento, dentro de la banda admisible de la combinación elegida.") -> Existen 3 combinación(es) con CV ≤ 10%: el rango entre las referencias es utilizable bajo la Res. 941. | N21: =IF(AND(18<=SIM_AUX!$C$3,INDEX(SIM_MERCADO!$A:$A,18)<>""),"OFERTA "&TEXT(INDEX(SIM_MERCADO!$A:$A,18),"00"),"") | O21: =IF(OR($D$18="",$D$19=""),NA(),MIN($D$18,$D$19)/1000000) -> 25.566801 | P21: =IF(OR($D$18="",$D$19=""),NA(),ABS($D$19-$D$18)/1000000) -> 1.5665 | Q21: =IF(N21="",NA(),IF(AND(INDEX(SIM_MERCADO!$H:$H,18)/1000000>=MIN($D$18,$D$19)/1000000,INDEX(SIM_MERCADO!$H:$H,18)/1000000<=MAX($D$18,$D$19)/1000000),INDEX(SIM_MERCADO!$H:$H,18)/1000000,NA())) -> #N/A | R21: =IF(N21="",NA(),IF(AND(INDEX(SIM_MERCADO!$H:$H,18)/1000000>=MIN($D$18,$D$19)/1000000,INDEX(SIM_MERCADO!$H:$H,18)/1000000<=MAX($D$18,$D$19)/1000000),NA(),INDEX(SIM_MERCADO!$H:$H,18)/1000000)) -> #N/A | S21: =SIM_MERCADO!$H$20/1000000 -> 26.4002
N22: =IF(AND(19<=SIM_AUX!$C$3,INDEX(SIM_MERCADO!$A:$A,19)<>""),"OFERTA "&TEXT(INDEX(SIM_MERCADO!$A:$A,19),"00"),"") | O22: =IF(OR($D$18="",$D$19=""),NA(),MIN($D$18,$D$19)/1000000) -> 25.566801 | P22: =IF(OR($D$18="",$D$19=""),NA(),ABS($D$19-$D$18)/1000000) -> 1.5665 | Q22: =IF(N22="",NA(),IF(AND(INDEX(SIM_MERCADO!$H:$H,19)/1000000>=MIN($D$18,$D$19)/1000000,INDEX(SIM_MERCADO!$H:$H,19)/1000000<=MAX($D$18,$D$19)/1000000),INDEX(SIM_MERCADO!$H:$H,19)/1000000,NA())) -> #N/A | R22: =IF(N22="",NA(),IF(AND(INDEX(SIM_MERCADO!$H:$H,19)/1000000>=MIN($D$18,$D$19)/1000000,INDEX(SIM_MERCADO!$H:$H,19)/1000000<=MAX($D$18,$D$19)/1000000),NA(),INDEX(SIM_MERCADO!$H:$H,19)/1000000)) -> #N/A | S22: =SIM_MERCADO!$H$20/1000000 -> 26.4002
N23: =IF(AND(20<=SIM_AUX!$C$3,INDEX(SIM_MERCADO!$A:$A,20)<>""),"OFERTA "&TEXT(INDEX(SIM_MERCADO!$A:$A,20),"00"),"") | O23: =IF(OR($D$18="",$D$19=""),NA(),MIN($D$18,$D$19)/1000000) -> 25.566801 | P23: =IF(OR($D$18="",$D$19=""),NA(),ABS($D$19-$D$18)/1000000) -> 1.5665 | Q23: =IF(N23="",NA(),IF(AND(INDEX(SIM_MERCADO!$H:$H,20)/1000000>=MIN($D$18,$D$19)/1000000,INDEX(SIM_MERCADO!$H:$H,20)/1000000<=MAX($D$18,$D$19)/1000000),INDEX(SIM_MERCADO!$H:$H,20)/1000000,NA())) -> #N/A | R23: =IF(N23="",NA(),IF(AND(INDEX(SIM_MERCADO!$H:$H,20)/1000000>=MIN($D$18,$D$19)/1000000,INDEX(SIM_MERCADO!$H:$H,20)/1000000<=MAX($D$18,$D$19)/1000000),NA(),INDEX(SIM_MERCADO!$H:$H,20)/1000000)) -> #N/A | S23: =SIM_MERCADO!$H$20/1000000 -> 26.4002
N26: Combinación | O26: Coef. de variación | P26: Límite CV máximo
N27: =IF(A12="",NA(),A12) -> Combinación 1 | O27: =IF(F12="",NA(),F12) -> 0.081176481 | P27: =$B$4 -> 0.1
N28: =IF(A13="",NA(),A13) -> Combinación 2 | O28: =IF(F13="",NA(),F13) -> 0.064526024 | P28: =$B$4 -> 0.1
N29: =IF(A14="",NA(),A14) -> Combinación 3 | O29: =IF(F14="",NA(),F14) -> 0.070553912 | P29: =$B$4 -> 0.1

Sheet SIM_AUX
A1: CÁLCULO AUXILIAR DE COMBINACIONES (no editar) – ofertas ordenadas por valor/ha y ventanas de 3 o más ofertas consecutivas
A2: Fila de 'PROMEDIO' en MERCADO RURAL | C2: =MATCH("PROMEDIO",SIM_MERCADO!F:F,0) -> 14 | H2: Ofertas elegibles (m) | J2: =COUNT(J5:J34) -> 4
A3: Última fila de ofertas | C3: =C2-1 -> 13 | H3: CV de la muestra general | J3: =IFERROR(INDEX(SIM_MERCADO!$H:$H,$C$2+2),0) -> 0.081176481
A4: Casilla | B4: Fila en mercado | C4: No. oferta | D4: Valor/ha | E4: Elegible | F4: Índice elegible | G4: Clave de orden | H4: Orden por valor | I4: No. oferta | J4: Valor/ha | L4: Inicio (s) | M4: Nº ofertas (k) | N4: Válida | O4: CV | P4: Cumple CV máx. | Q4: Clave de orden
A5: 1 | B5: =8+A5 -> 9 | C5: =IF(B5<=$C$3,IF(ISNUMBER(INDEX(SIM_MERCADO!$H:$H,B5)),IF(ISNUMBER(INDEX(SIM_MERCADO!$A:$A,B5)),INDEX(SIM_MERCADO!$A:$A,B5),B5-8),""),"") -> 1 | D5: =IF(C5="","",INDEX(SIM_MERCADO!$H:$H,B5)) -> 24201000 | E5: =IF(C5="",0,IF(OR(SIM_COMBINACIONES!$B$6="NO",$J$3<=SIM_COMBINACIONES!$B$5),1,IF(AND(D5>=SIM_COMBINACIONES!$B$3,D5<=SIM_COMBINACIONES!$B$4),1,0))) -> 1 | F5: =IF(E5=1,SUM(E$5:E5),"") -> 1 | G5: =IF(E5=1,D5+A5*0.000000001,"") -> 24201000 | H5: 1 | I5: =IFERROR(INDEX($C$5:$C$34,MATCH(SMALL($G$5:$G$34,H5),$G$5:$G$34,0)),"") -> 1 | J5: =IFERROR(INDEX($D$5:$D$34,MATCH(SMALL($G$5:$G$34,H5),$G$5:$G$34,0)),"") -> 24201000 | L5: 1 | M5: 3 | N5: =IF(L5+M5-1<=$J$2,1,0) -> 1 | O5: =IF(N5=1,_xlfn.STDEV.S(INDEX($J$5:$J$34,L5):INDEX($J$5:$J$34,L5+M5-1))/AVERAGE(INDEX($J$5:$J$34,L5):INDEX($J$5:$J$34,L5+M5-1)),"") -> 0.064526024 | P5: =IF(N5=1,IF(O5<=SIM_COMBINACIONES!$B$5,1,0),"") -> 1 | Q5: =IF(N5=1,IF(P5=1,-M5,100)+O5+ROW()*0.000000000001,"") -> -2.935474
A6: 2 | B6: =8+A6 -> 10 | C6: =IF(B6<=$C$3,IF(ISNUMBER(INDEX(SIM_MERCADO!$H:$H,B6)),IF(ISNUMBER(INDEX(SIM_MERCADO!$A:$A,B6)),INDEX(SIM_MERCADO!$A:$A,B6),B6-8),""),"") -> 2 | D6: =IF(C6="","",INDEX(SIM_MERCADO!$H:$H,B6)) -> 27399714 | E6: =IF(C6="",0,IF(OR(SIM_COMBINACIONES!$B$6="NO",$J$3<=SIM_COMBINACIONES!$B$5),1,IF(AND(D6>=SIM_COMBINACIONES!$B$3,D6<=SIM_COMBINACIONES!$B$4),1,0))) -> 1 | F6: =IF(E6=1,SUM(E$5:E6),"") -> 2 | G6: =IF(E6=1,D6+A6*0.000000001,"") -> 27399714 | H6: 2 | I6: =IFERROR(INDEX($C$5:$C$34,MATCH(SMALL($G$5:$G$34,H6),$G$5:$G$34,0)),"") -> 3 | J6: =IFERROR(INDEX($D$5:$D$34,MATCH(SMALL($G$5:$G$34,H6),$G$5:$G$34,0)),"") -> 25099688 | L6: 1 | M6: 4 | N6: =IF(L6+M6-1<=$J$2,1,0) -> 1 | O6: =IF(N6=1,_xlfn.STDEV.S(INDEX($J$5:$J$34,L6):INDEX($J$5:$J$34,L6+M6-1))/AVERAGE(INDEX($J$5:$J$34,L6):INDEX($J$5:$J$34,L6+M6-1)),"") -> 0.081176481 | P6: =IF(N6=1,IF(O6<=SIM_COMBINACIONES!$B$5,1,0),"") -> 1 | Q6: =IF(N6=1,IF(P6=1,-M6,100)+O6+ROW()*0.000000000001,"") -> -3.9188235
A7: 3 | B7: =8+A7 -> 11 | C7: =IF(B7<=$C$3,IF(ISNUMBER(INDEX(SIM_MERCADO!$H:$H,B7)),IF(ISNUMBER(INDEX(SIM_MERCADO!$A:$A,B7)),INDEX(SIM_MERCADO!$A:$A,B7),B7-8),""),"") -> 3 | D7: =IF(C7="","",INDEX(SIM_MERCADO!$H:$H,B7)) -> 25099688 | E7: =IF(C7="",0,IF(OR(SIM_COMBINACIONES!$B$6="NO",$J$3<=SIM_COMBINACIONES!$B$5),1,IF(AND(D7>=SIM_COMBINACIONES!$B$3,D7<=SIM_COMBINACIONES!$B$4),1,0))) -> 1 | F7: =IF(E7=1,SUM(E$5:E7),"") -> 3 | G7: =IF(E7=1,D7+A7*0.000000001,"") -> 25099688 | H7: 3 | I7: =IFERROR(INDEX($C$5:$C$34,MATCH(SMALL($G$5:$G$34,H7),$G$5:$G$34,0)),"") -> 2 | J7: =IFERROR(INDEX($D$5:$D$34,MATCH(SMALL($G$5:$G$34,H7),$G$5:$G$34,0)),"") -> 27399714 | L7: 1 | M7: 5 | N7: =IF(L7+M7-1<=$J$2,1,0) -> 0 | O7: =IF(N7=1,_xlfn.STDEV.S(INDEX($J$5:$J$34,L7):INDEX($J$5:$J$34,L7+M7-1))/AVERAGE(INDEX($J$5:$J$34,L7):INDEX($J$5:$J$34,L7+M7-1)),"") | P7: =IF(N7=1,IF(O7<=SIM_COMBINACIONES!$B$5,1,0),"") | Q7: =IF(N7=1,IF(P7=1,-M7,100)+O7+ROW()*0.000000000001,"")
A8: 4 | B8: =8+A8 -> 12 | C8: =IF(B8<=$C$3,IF(ISNUMBER(INDEX(SIM_MERCADO!$H:$H,B8)),IF(ISNUMBER(INDEX(SIM_MERCADO!$A:$A,B8)),INDEX(SIM_MERCADO!$A:$A,B8),B8-8),""),"") -> 4 | D8: =IF(C8="","",INDEX(SIM_MERCADO!$H:$H,B8)) -> 28900500 | E8: =IF(C8="",0,IF(OR(SIM_COMBINACIONES!$B$6="NO",$J$3<=SIM_COMBINACIONES!$B$5),1,IF(AND(D8>=SIM_COMBINACIONES!$B$3,D8<=SIM_COMBINACIONES!$B$4),1,0))) -> 1 | F8: =IF(E8=1,SUM(E$5:E8),"") -> 4 | G8: =IF(E8=1,D8+A8*0.000000001,"") -> 28900500 | H8: 4 | I8: =IFERROR(INDEX($C$5:$C$34,MATCH(SMALL($G$5:$G$34,H8),$G$5:$G$34,0)),"") -> 4 | J8: =IFERROR(INDEX($D$5:$D$34,MATCH(SMALL($G$5:$G$34,H8),$G$5:$G$34,0)),"") -> 28900500 | L8: 1 | M8: 6 | N8: =IF(L8+M8-1<=$J$2,1,0) -> 0 | O8: =IF(N8=1,_xlfn.STDEV.S(INDEX($J$5:$J$34,L8):INDEX($J$5:$J$34,L8+M8-1))/AVERAGE(INDEX($J$5:$J$34,L8):INDEX($J$5:$J$34,L8+M8-1)),"") | P8: =IF(N8=1,IF(O8<=SIM_COMBINACIONES!$B$5,1,0),"") | Q8: =IF(N8=1,IF(P8=1,-M8,100)+O8+ROW()*0.000000000001,"")
A9: 5 | B9: =8+A9 -> 13 | C9: =IF(B9<=$C$3,IF(ISNUMBER(INDEX(SIM_MERCADO!$H:$H,B9)),IF(ISNUMBER(INDEX(SIM_MERCADO!$A:$A,B9)),INDEX(SIM_MERCADO!$A:$A,B9),B9-8),""),"") | D9: =IF(C9="","",INDEX(SIM_MERCADO!$H:$H,B9)) | E9: =IF(C9="",0,IF(OR(SIM_COMBINACIONES!$B$6="NO",$J$3<=SIM_COMBINACIONES!$B$5),1,IF(AND(D9>=SIM_COMBINACIONES!$B$3,D9<=SIM_COMBINACIONES!$B$4),1,0))) -> 0 | F9: =IF(E9=1,SUM(E$5:E9),"") | G9: =IF(E9=1,D9+A9*0.000000001,"") | H9: 5 | I9: =IFERROR(INDEX($C$5:$C$34,MATCH(SMALL($G$5:$G$34,H9),$G$5:$G$34,0)),"") | J9: =IFERROR(INDEX($D$5:$D$34,MATCH(SMALL($G$5:$G$34,H9),$G$5:$G$34,0)),"") | L9: 1 | M9: 7 | N9: =IF(L9+M9-1<=$J$2,1,0) -> 0 | O9: =IF(N9=1,_xlfn.STDEV.S(INDEX($J$5:$J$34,L9):INDEX($J$5:$J$34,L9+M9-1))/AVERAGE(INDEX($J$5:$J$34,L9):INDEX($J$5:$J$34,L9+M9-1)),"") | P9: =IF(N9=1,IF(O9<=SIM_COMBINACIONES!$B$5,1,0),"") | Q9: =IF(N9=1,IF(P9=1,-M9,100)+O9+ROW()*0.000000000001,"")
A10: 6 | B10: =8+A10 -> 14 | C10: =IF(B10<=$C$3,IF(ISNUMBER(INDEX(SIM_MERCADO!$H:$H,B10)),IF(ISNUMBER(INDEX(SIM_MERCADO!$A:$A,B10)),INDEX(SIM_MERCADO!$A:$A,B10),B10-8),""),"") | D10: =IF(C10="","",INDEX(SIM_MERCADO!$H:$H,B10)) | E10: =IF(C10="",0,IF(OR(SIM_COMBINACIONES!$B$6="NO",$J$3<=SIM_COMBINACIONES!$B$5),1,IF(AND(D10>=SIM_COMBINACIONES!$B$3,D10<=SIM_COMBINACIONES!$B$4),1,0))) -> 0 | F10: =IF(E10=1,SUM(E$5:E10),"") | G10: =IF(E10=1,D10+A10*0.000000001,"") | H10: 6 | I10: =IFERROR(INDEX($C$5:$C$34,MATCH(SMALL($G$5:$G$34,H10),$G$5:$G$34,0)),"") | J10: =IFERROR(INDEX($D$5:$D$34,MATCH(SMALL($G$5:$G$34,H10),$G$5:$G$34,0)),"") | L10: 1 | M10: 8 | N10: =IF(L10+M10-1<=$J$2,1,0) -> 0 | O10: =IF(N10=1,_xlfn.STDEV.S(INDEX($J$5:$J$34,L10):INDEX($J$5:$J$34,L10+M10-1))/AVERAGE(INDEX($J$5:$J$34,L10):INDEX($J$5:$J$34,L10+M10-1)),"") | P10: =IF(N10=1,IF(O10<=SIM_COMBINACIONES!$B$5,1,0),"") | Q10: =IF(N10=1,IF(P10=1,-M10,100)+O10+ROW()*0.000000000001,"")
A11: 7 | B11: =8+A11 -> 15 | C11: =IF(B11<=$C$3,IF(ISNUMBER(INDEX(SIM_MERCADO!$H:$H,B11)),IF(ISNUMBER(INDEX(SIM_MERCADO!$A:$A,B11)),INDEX(SIM_MERCADO!$A:$A,B11),B11-8),""),"") | D11: =IF(C11="","",INDEX(SIM_MERCADO!$H:$H,B11)) | E11: =IF(C11="",0,IF(OR(SIM_COMBINACIONES!$B$6="NO",$J$3<=SIM_COMBINACIONES!$B$5),1,IF(AND(D11>=SIM_COMBINACIONES!$B$3,D11<=SIM_COMBINACIONES!$B$4),1,0))) -> 0 | F11: =IF(E11=1,SUM(E$5:E11),"") | G11: =IF(E11=1,D11+A11*0.000000001,"") | H11: 7 | I11: =IFERROR(INDEX($C$5:$C$34,MATCH(SMALL($G$5:$G$34,H11),$G$5:$G$34,0)),"") | J11: =IFERROR(INDEX($D$5:$D$34,MATCH(SMALL($G$5:$G$34,H11),$G$5:$G$34,0)),"") | L11: 1 | M11: 9 | N11: =IF(L11+M11-1<=$J$2,1,0) -> 0 | O11: =IF(N11=1,_xlfn.STDEV.S(INDEX($J$5:$J$34,L11):INDEX($J$5:$J$34,L11+M11-1))/AVERAGE(INDEX($J$5:$J$34,L11):INDEX($J$5:$J$34,L11+M11-1)),"") | P11: =IF(N11=1,IF(O11<=SIM_COMBINACIONES!$B$5,1,0),"") | Q11: =IF(N11=1,IF(P11=1,-M11,100)+O11+ROW()*0.000000000001,"")
A12: 8 | B12: =8+A12 -> 16 | C12: =IF(B12<=$C$3,IF(ISNUMBER(INDEX(SIM_MERCADO!$H:$H,B12)),IF(ISNUMBER(INDEX(SIM_MERCADO!$A:$A,B12)),INDEX(SIM_MERCADO!$A:$A,B12),B12-8),""),"") | D12: =IF(C12="","",INDEX(SIM_MERCADO!$H:$H,B12)) | E12: =IF(C12="",0,IF(OR(SIM_COMBINACIONES!$B$6="NO",$J$3<=SIM_COMBINACIONES!$B$5),1,IF(AND(D12>=SIM_COMBINACIONES!$B$3,D12<=SIM_COMBINACIONES!$B$4),1,0))) -> 0 | F12: =IF(E12=1,SUM(E$5:E12),"") | G12: =IF(E12=1,D12+A12*0.000000001,"") | H12: 8 | I12: =IFERROR(INDEX($C$5:$C$34,MATCH(SMALL($G$5:$G$34,H12),$G$5:$G$34,0)),"") | J12: =IFERROR(INDEX($D$5:$D$34,MATCH(SMALL($G$5:$G$34,H12),$G$5:$G$34,0)),"") | L12: 1 | M12: 10 | N12: =IF(L12+M12-1<=$J$2,1,0) -> 0 | O12: =IF(N12=1,_xlfn.STDEV.S(INDEX($J$5:$J$34,L12):INDEX($J$5:$J$34,L12+M12-1))/AVERAGE(INDEX($J$5:$J$34,L12):INDEX($J$5:$J$34,L12+M12-1)),"") | P12: =IF(N12=1,IF(O12<=SIM_COMBINACIONES!$B$5,1,0),"") | Q12: =IF(N12=1,IF(P12=1,-M12,100)+O12+ROW()*0.000000000001,"")
A13: 9 | B13: =8+A13 -> 17 | C13: =IF(B13<=$C$3,IF(ISNUMBER(INDEX(SIM_MERCADO!$H:$H,B13)),IF(ISNUMBER(INDEX(SIM_MERCADO!$A:$A,B13)),INDEX(SIM_MERCADO!$A:$A,B13),B13-8),""),"") | D13: =IF(C13="","",INDEX(SIM_MERCADO!$H:$H,B13)) | E13: =IF(C13="",0,IF(OR(SIM_COMBINACIONES!$B$6="NO",$J$3<=SIM_COMBINACIONES!$B$5),1,IF(AND(D13>=SIM_COMBINACIONES!$B$3,D13<=SIM_COMBINACIONES!$B$4),1,0))) -> 0 | F13: =IF(E13=1,SUM(E$5:E13),"") | G13: =IF(E13=1,D13+A13*0.000000001,"") | H13: 9 | I13: =IFERROR(INDEX($C$5:$C$34,MATCH(SMALL($G$5:$G$34,H13),$G$5:$G$34,0)),"") | J13: =IFERROR(INDEX($D$5:$D$34,MATCH(SMALL($G$5:$G$34,H13),$G$5:$G$34,0)),"") | L13: 1 | M13: 11 | N13: =IF(L13+M13-1<=$J$2,1,0) -> 0 | O13: =IF(N13=1,_xlfn.STDEV.S(INDEX($J$5:$J$34,L13):INDEX($J$5:$J$34,L13+M13-1))/AVERAGE(INDEX($J$5:$J$34,L13):INDEX($J$5:$J$34,L13+M13-1)),"") | P13: =IF(N13=1,IF(O13<=SIM_COMBINACIONES!$B$5,1,0),"") | Q13: =IF(N13=1,IF(P13=1,-M13,100)+O13+ROW()*0.000000000001,"")
A14: 10 | B14: =8+A14 -> 18 | C14: =IF(B14<=$C$3,IF(ISNUMBER(INDEX(SIM_MERCADO!$H:$H,B14)),IF(ISNUMBER(INDEX(SIM_MERCADO!$A:$A,B14)),INDEX(SIM_MERCADO!$A:$A,B14),B14-8),""),"") | D14: =IF(C14="","",INDEX(SIM_MERCADO!$H:$H,B14)) | E14: =IF(C14="",0,IF(OR(SIM_COMBINACIONES!$B$6="NO",$J$3<=SIM_COMBINACIONES!$B$5),1,IF(AND(D14>=SIM_COMBINACIONES!$B$3,D14<=SIM_COMBINACIONES!$B$4),1,0))) -> 0 | F14: =IF(E14=1,SUM(E$5:E14),"") | G14: =IF(E14=1,D14+A14*0.000000001,"") | H14: 10 | I14: =IFERROR(INDEX($C$5:$C$34,MATCH(SMALL($G$5:$G$34,H14),$G$5:$G$34,0)),"") | J14: =IFERROR(INDEX($D$5:$D$34,MATCH(SMALL($G$5:$G$34,H14),$G$5:$G$34,0)),"") | L14: 1 | M14: 12 | N14: =IF(L14+M14-1<=$J$2,1,0) -> 0 | O14: =IF(N14=1,_xlfn.STDEV.S(INDEX($J$5:$J$34,L14):INDEX($J$5:$J$34,L14+M14-1))/AVERAGE(INDEX($J$5:$J$34,L14):INDEX($J$5:$J$34,L14+M14-1)),"") | P14: =IF(N14=1,IF(O14<=SIM_COMBINACIONES!$B$5,1,0),"") | Q14: =IF(N14=1,IF(P14=1,-M14,100)+O14+ROW()*0.000000000001,"")
A15: 11 | B15: =8+A15 -> 19 | C15: =IF(B15<=$C$3,IF(ISNUMBER(INDEX(SIM_MERCADO!$H:$H,B15)),IF(ISNUMBER(INDEX(SIM_MERCADO!$A:$A,B15)),INDEX(SIM_MERCADO!$A:$A,B15),B15-8),""),"") | D15: =IF(C15="","",INDEX(SIM_MERCADO!$H:$H,B15)) | E15: =IF(C15="",0,IF(OR(SIM_COMBINACIONES!$B$6="NO",$J$3<=SIM_COMBINACIONES!$B$5),1,IF(AND(D15>=SIM_COMBINACIONES!$B$3,D15<=SIM_COMBINACIONES!$B$4),1,0))) -> 0 | F15: =IF(E15=1,SUM(E$5:E15),"") | G15: =IF(E15=1,D15+A15*0.000000001,"") | H15: 11 | I15: =IFERROR(INDEX($C$5:$C$34,MATCH(SMALL($G$5:$G$34,H15),$G$5:$G$34,0)),"") | J15: =IFERROR(INDEX($D$5:$D$34,MATCH(SMALL($G$5:$G$34,H15),$G$5:$G$34,0)),"") | L15: 1 | M15: 13 | N15: =IF(L15+M15-1<=$J$2,1,0) -> 0 | O15: =IF(N15=1,_xlfn.STDEV.S(INDEX($J$5:$J$34,L15):INDEX($J$5:$J$34,L15+M15-1))/AVERAGE(INDEX($J$5:$J$34,L15):INDEX($J$5:$J$34,L15+M15-1)),"") | P15: =IF(N15=1,IF(O15<=SIM_COMBINACIONES!$B$5,1,0),"") | Q15: =IF(N15=1,IF(P15=1,-M15,100)+O15+ROW()*0.000000000001,"")
A16: 12 | B16: =8+A16 -> 20 | C16: =IF(B16<=$C$3,IF(ISNUMBER(INDEX(SIM_MERCADO!$H:$H,B16)),IF(ISNUMBER(INDEX(SIM_MERCADO!$A:$A,B16)),INDEX(SIM_MERCADO!$A:$A,B16),B16-8),""),"") | D16: =IF(C16="","",INDEX(SIM_MERCADO!$H:$H,B16)) | E16: =IF(C16="",0,IF(OR(SIM_COMBINACIONES!$B$6="NO",$J$3<=SIM_COMBINACIONES!$B$5),1,IF(AND(D16>=SIM_COMBINACIONES!$B$3,D16<=SIM_COMBINACIONES!$B$4),1,0))) -> 0 | F16: =IF(E16=1,SUM(E$5:E16),"") | G16: =IF(E16=1,D16+A16*0.000000001,"") | H16: 12 | I16: =IFERROR(INDEX($C$5:$C$34,MATCH(SMALL($G$5:$G$34,H16),$G$5:$G$34,0)),"") | J16: =IFERROR(INDEX($D$5:$D$34,MATCH(SMALL($G$5:$G$34,H16),$G$5:$G$34,0)),"") | L16: 1 | M16: 14 | N16: =IF(L16+M16-1<=$J$2,1,0) -> 0 | O16: =IF(N16=1,_xlfn.STDEV.S(INDEX($J$5:$J$34,L16):INDEX($J$5:$J$34,L16+M16-1))/AVERAGE(INDEX($J$5:$J$34,L16):INDEX($J$5:$J$34,L16+M16-1)),"") | P16: =IF(N16=1,IF(O16<=SIM_COMBINACIONES!$B$5,1,0),"") | Q16: =IF(N16=1,IF(P16=1,-M16,100)+O16+ROW()*0.000000000001,"")
... A34: 30 | B34: =8+A34 -> 38 | C34: =IF(B34<=$C$3,IF(ISNUMBER(INDEX(SIM_MERCADO!$H:$H,B34)),IF(ISNUMBER(INDEX(SIM_MERCADO!$A:$A,B34)),INDEX(SIM_MERCADO!$A:$A,B34),B34-8),""),"") | D34: =IF(C34="","",INDEX(SIM_MERCADO!$H:$H,B34)) | E34: =IF(C34="",0,IF(OR(SIM_COMBINACIONES!$B$6="NO",$J$3<=SIM_COMBINACIONES!$B$5),1,IF(AND(D34>=SIM_COMBINACIONES!$B$3,D34<=SIM_COMBINACIONES!$B$4),1,0))) -> 0 | F34: =IF(E34=1,SUM(E$5:E34),"") | G34: =IF(E34=1,D34+A34*0.000000001,"") | H34: 30 | I34: =IFERROR(INDEX($C$5:$C$34,MATCH(SMALL($G$5:$G$34,H34),$G$5:$G$34,0)),"") | J34: =IFERROR(INDEX($D$5:$D$34,MATCH(SMALL($G$5:$G$34,H34),$G$5:$G$34,0)),"") | L34: 2 | M34: 4 | N34: =IF(L34+M34-1<=$J$2,1,0) -> 0 | O34: =IF(N34=1,_xlfn.STDEV.S(INDEX($J$5:$J$34,L34):INDEX($J$5:$J$34,L34+M34-1))/AVERAGE(INDEX($J$5:$J$34,L34):INDEX($J$5:$J$34,L34+M34-1)),"") | P34: =IF(N34=1,IF(O34<=SIM_COMBINACIONES!$B$5,1,0),"") | Q34: =IF(N34=1,IF(P34=1,-M34,100)+O34+ROW()*0.000000000001,"")
L35: 2 | M35: 5 | N35: =IF(L35+M35-1<=$J$2,1,0) -> 0 | O35: =IF(N35=1,_xlfn.STDEV.S(INDEX($J$5:$J$34,L35):INDEX($J$5:$J$34,L35+M35-1))/AVERAGE(INDEX($J$5:$J$34,L35):INDEX($J$5:$J$34,L35+M35-1)),"") | P35: =IF(N35=1,IF(O35<=SIM_COMBINACIONES!$B$5,1,0),"") | Q35: =IF(N35=1,IF(P35=1,-M35,100)+O35+ROW()*0.000000000001,"")
L36: 2 | M36: 6 | N36: =IF(L36+M36-1<=$J$2,1,0) -> 0 | O36: =IF(N36=1,_xlfn.STDEV.S(INDEX($J$5:$J$34,L36):INDEX($J$5:$J$34,L36+M36-1))/AVERAGE(INDEX($J$5:$J$34,L36):INDEX($J$5:$J$34,L36+M36-1)),"") | P36: =IF(N36=1,IF(O36<=SIM_COMBINACIONES!$B$5,1,0),"") | Q36: =IF(N36=1,IF(P36=1,-M36,100)+O36+ROW()*0.000000000001,"")
L37: 2 | M37: 7 | N37: =IF(L37+M37-1<=$J$2,1,0) -> 0 | O37: =IF(N37=1,_xlfn.STDEV.S(INDEX($J$5:$J$34,L37):INDEX($J$5:$J$34,L37+M37-1))/AVERAGE(INDEX($J$5:$J$34,L37):INDEX($J$5:$J$34,L37+M37-1)),"") | P37: =IF(N37=1,IF(O37<=SIM_COMBINACIONES!$B$5,1,0),"") | Q37: =IF(N37=1,IF(P37=1,-M37,100)+O37+ROW()*0.000000000001,"")
L38: 2 | M38: 8 | N38: =IF(L38+M38-1<=$J$2,1,0) -> 0 | O38: =IF(N38=1,_xlfn.STDEV.S(INDEX($J$5:$J$34,L38):INDEX($J$5:$J$34,L38+M38-1))/AVERAGE(INDEX($J$5:$J$34,L38):INDEX($J$5:$J$34,L38+M38-1)),"") | P38: =IF(N38=1,IF(O38<=SIM_COMBINACIONES!$B$5,1,0),"") | Q38: =IF(N38=1,IF(P38=1,-M38,100)+O38+ROW()*0.000000000001,"")
L39: 2 | M39: 9 | N39: =IF(L39+M39-1<=$J$2,1,0) -> 0 | O39: =IF(N39=1,_xlfn.STDEV.S(INDEX($J$5:$J$34,L39):INDEX($J$5:$J$34,L39+M39-1))/AVERAGE(INDEX($J$5:$J$34,L39):INDEX($J$5:$J$34,L39+M39-1)),"") | P39: =IF(N39=1,IF(O39<=SIM_COMBINACIONES!$B$5,1,0),"") | Q39: =IF(N39=1,IF(P39=1,-M39,100)+O39+ROW()*0.000000000001,"")
L40: 2 | M40: 10 | N40: =IF(L40+M40-1<=$J$2,1,0) -> 0 | O40: =IF(N40=1,_xlfn.STDEV.S(INDEX($J$5:$J$34,L40):INDEX($J$5:$J$34,L40+M40-1))/AVERAGE(INDEX($J$5:$J$34,L40):INDEX($J$5:$J$34,L40+M40-1)),"") | P40: =IF(N40=1,IF(O40<=SIM_COMBINACIONES!$B$5,1,0),"") | Q40: =IF(N40=1,IF(P40=1,-M40,100)+O40+ROW()*0.000000000001,"")
L41: 2 | M41: 11 | N41: =IF(L41+M41-1<=$J$2,1,0) -> 0 | O41: =IF(N41=1,_xlfn.STDEV.S(INDEX($J$5:$J$34,L41):INDEX($J$5:$J$34,L41+M41-1))/AVERAGE(INDEX($J$5:$J$34,L41):INDEX($J$5:$J$34,L41+M41-1)),"") | P41: =IF(N41=1,IF(O41<=SIM_COMBINACIONES!$B$5,1,0),"") | Q41: =IF(N41=1,IF(P41=1,-M41,100)+O41+ROW()*0.000000000001,"")
L42: 2 | M42: 12 | N42: =IF(L42+M42-1<=$J$2,1,0) -> 0 | O42: =IF(N42=1,_xlfn.STDEV.S(INDEX($J$5:$J$34,L42):INDEX($J$5:$J$34,L42+M42-1))/AVERAGE(INDEX($J$5:$J$34,L42):INDEX($J$5:$J$34,L42+M42-1)),"") | P42: =IF(N42=1,IF(O42<=SIM_COMBINACIONES!$B$5,1,0),"") | Q42: =IF(N42=1,IF(P42=1,-M42,100)+O42+ROW()*0.000000000001,"")
L43: 2 | M43: 13 | N43: =IF(L43+M43-1<=$J$2,1,0) -> 0 | O43: =IF(N43=1,_xlfn.STDEV.S(INDEX($J$5:$J$34,L43):INDEX($J$5:$J$34,L43+M43-1))/AVERAGE(INDEX($J$5:$J$34,L43):INDEX($J$5:$J$34,L43+M43-1)),"") | P43: =IF(N43=1,IF(O43<=SIM_COMBINACIONES!$B$5,1,0),"") | Q43: =IF(N43=1,IF(P43=1,-M43,100)+O43+ROW()*0.000000000001,"")
L44: 2 | M44: 14 | N44: =IF(L44+M44-1<=$J$2,1,0) -> 0 | O44: =IF(N44=1,_xlfn.STDEV.S(INDEX($J$5:$J$34,L44):INDEX($J$5:$J$34,L44+M44-1))/AVERAGE(INDEX($J$5:$J$34,L44):INDEX($J$5:$J$34,L44+M44-1)),"") | P44: =IF(N44=1,IF(O44<=SIM_COMBINACIONES!$B$5,1,0),"") | Q44: =IF(N44=1,IF(P44=1,-M44,100)+O44+ROW()*0.000000000001,"")
L45: 2 | M45: 15 | N45: =IF(L45+M45-1<=$J$2,1,0) -> 0 | O45: =IF(N45=1,_xlfn.STDEV.S(INDEX($J$5:$J$34,L45):INDEX($J$5:$J$34,L45+M45-1))/AVERAGE(INDEX($J$5:$J$34,L45):INDEX($J$5:$J$34,L45+M45-1)),"") | P45: =IF(N45=1,IF(O45<=SIM_COMBINACIONES!$B$5,1,0),"") | Q45: =IF(N45=1,IF(P45=1,-M45,100)+O45+ROW()*0.000000000001,"")
L46: 2 | M46: 16 | N46: =IF(L46+M46-1<=$J$2,1,0) -> 0 | O46: =IF(N46=1,_xlfn.STDEV.S(INDEX($J$5:$J$34,L46):INDEX($J$5:$J$34,L46+M46-1))/AVERAGE(INDEX($J$5:$J$34,L46):INDEX($J$5:$J$34,L46+M46-1)),"") | P46: =IF(N46=1,IF(O46<=SIM_COMBINACIONES!$B$5,1,0),"") | Q46: =IF(N46=1,IF(P46=1,-M46,100)+O46+ROW()*0.000000000001,"")
... L410: 28 | M410: 3 | N410: =IF(L410+M410-1<=$J$2,1,0) -> 0 | O410: =IF(N410=1,_xlfn.STDEV.S(INDEX($J$5:$J$34,L410):INDEX($J$5:$J$34,L410+M410-1))/AVERAGE(INDEX($J$5:$J$34,L410):INDEX($J$5:$J$34,L410+M410-1)),"") | P410: =IF(N410=1,IF(O410<=SIM_COMBINACIONES!$B$5,1,0),"") | Q410: =IF(N410=1,IF(P410=1,-M410,100)+O410+ROW()*0.000000000001,"")
